CVE_ENT;NOM_ENT;NOM_ABR;CVE_MUN;NOM_MUN
1;Aguascalientes;Ags.;1;Aguascalientes
1;Aguascalientes;Ags.;2;Asientos
1;Aguascalientes;Ags.;3;Calvillo
1;Aguascalientes;Ags.;4;Cosio
1;Aguascalientes;Ags.;5;Jesus Maria
1;Aguascalientes;Ags.;6;Pabellon de Arteaga
1;Aguascalientes;Ags.;7;Rincon de Romos
1;Aguascalientes;Ags.;8;San Jose de Gracia
1;Aguascalientes;Ags.;9;Tepezala
1;Aguascalientes;Ags.;10;El Llano
1;Aguascalientes;Ags.;11;San Francisco de los Romo
2;Baja California;BC;1;Ensenada
2;Baja California;BC;2;Mexicali
2;Baja California;BC;3;Tecate
2;Baja California;BC;4;Tijuana
2;Baja California;BC;5;Playas de Rosarito
3;Baja California Sur;BCS;1;Comondu
3;Baja California Sur;BCS;2;Mulege
3;Baja California Sur;BCS;3;La Paz
3;Baja California Sur;BCS;8;Los Cabos
3;Baja California Sur;BCS;9;Loreto
4;Campeche;Camp.;1;Calkini
4;Campeche;Camp.;2;Campeche
4;Campeche;Camp.;3;Carmen
4;Campeche;Camp.;4;Champoton
4;Campeche;Camp.;5;Hecelchakan
4;Campeche;Camp.;6;Hopelchen
4;Campeche;Camp.;7;Palizada
4;Campeche;Camp.;8;Tenabo
4;Campeche;Camp.;9;Escarcega
4;Campeche;Camp.;10;Calakmul
4;Campeche;Camp.;11;Candelaria
5;Coahuila de Zaragoza;Coah.;1;Abasolo
5;Coahuila de Zaragoza;Coah.;2;Acuña
5;Coahuila de Zaragoza;Coah.;3;Allende
5;Coahuila de Zaragoza;Coah.;4;Arteaga
5;Coahuila de Zaragoza;Coah.;5;Candela
5;Coahuila de Zaragoza;Coah.;6;Castaños
5;Coahuila de Zaragoza;Coah.;7;CuatroCienegas
5;Coahuila de Zaragoza;Coah.;8;Escobedo
5;Coahuila de Zaragoza;Coah.;9;Francisco I. Madero
5;Coahuila de Zaragoza;Coah.;10;Frontera
5;Coahuila de Zaragoza;Coah.;11;General Cepeda
5;Coahuila de Zaragoza;Coah.;12;Guerrero
5;Coahuila de Zaragoza;Coah.;13;Hidalgo
5;Coahuila de Zaragoza;Coah.;14;Jimenez
5;Coahuila de Zaragoza;Coah.;15;Juarez
5;Coahuila de Zaragoza;Coah.;16;Lamadrid
5;Coahuila de Zaragoza;Coah.;17;Matamoros
5;Coahuila de Zaragoza;Coah.;18;Monclova
5;Coahuila de Zaragoza;Coah.;19;Morelos
5;Coahuila de Zaragoza;Coah.;20;Muzquiz
5;Coahuila de Zaragoza;Coah.;21;Nadadores
5;Coahuila de Zaragoza;Coah.;22;Nava
5;Coahuila de Zaragoza;Coah.;23;Ocampo
5;Coahuila de Zaragoza;Coah.;24;Parras
5;Coahuila de Zaragoza;Coah.;25;Piedras Negras
5;Coahuila de Zaragoza;Coah.;26;Progreso
5;Coahuila de Zaragoza;Coah.;27;Ramos Arizpe
5;Coahuila de Zaragoza;Coah.;28;Sabinas
5;Coahuila de Zaragoza;Coah.;29;Sacramento
5;Coahuila de Zaragoza;Coah.;30;Saltillo
5;Coahuila de Zaragoza;Coah.;31;San Buenaventura
5;Coahuila de Zaragoza;Coah.;32;San Juan de Sabinas
5;Coahuila de Zaragoza;Coah.;33;San Pedro
5;Coahuila de Zaragoza;Coah.;34;Sierra Mojada
5;Coahuila de Zaragoza;Coah.;35;Torreon
5;Coahuila de Zaragoza;Coah.;36;Viesca
5;Coahuila de Zaragoza;Coah.;37;Villa Union
5;Coahuila de Zaragoza;Coah.;38;Zaragoza
6;Colima;Col.;1;Armeria
6;Colima;Col.;2;Colima
6;Colima;Col.;3;Comala
6;Colima;Col.;4;Coquimatlan
6;Colima;Col.;5;Cuauhtemoc
6;Colima;Col.;6;Ixtlahuacan
6;Colima;Col.;7;Manzanillo
6;Colima;Col.;8;Minatitlan
6;Colima;Col.;9;Tecoman
6;Colima;Col.;10;Villa de alvarez
7;Chiapas;Chis.;1;Acacoyagua
7;Chiapas;Chis.;2;Acala
7;Chiapas;Chis.;3;Acapetahua
7;Chiapas;Chis.;4;Altamirano
7;Chiapas;Chis.;5;Amatan
7;Chiapas;Chis.;6;Amatenango de la Frontera
7;Chiapas;Chis.;7;Amatenango del Valle
7;Chiapas;Chis.;8;Angel Albino Corzo
7;Chiapas;Chis.;9;Arriaga
7;Chiapas;Chis.;10;Bejucal de Ocampo
7;Chiapas;Chis.;11;Bella Vista
7;Chiapas;Chis.;12;Berriozabal
7;Chiapas;Chis.;13;Bochil
7;Chiapas;Chis.;14;El Bosque
7;Chiapas;Chis.;15;Cacahoatan
7;Chiapas;Chis.;16;Catazaja
7;Chiapas;Chis.;17;Cintalapa
7;Chiapas;Chis.;18;Coapilla
7;Chiapas;Chis.;19;Comitan de Dominguez
7;Chiapas;Chis.;20;La Concordia
7;Chiapas;Chis.;21;Copainala
7;Chiapas;Chis.;22;Chalchihuitan
7;Chiapas;Chis.;23;Chamula
7;Chiapas;Chis.;24;Chanal
7;Chiapas;Chis.;25;Chapultenango
7;Chiapas;Chis.;26;Chenalho
7;Chiapas;Chis.;27;Chiapa de Corzo
7;Chiapas;Chis.;28;Chiapilla
7;Chiapas;Chis.;29;Chicoasen
7;Chiapas;Chis.;30;Chicomuselo
7;Chiapas;Chis.;31;Chilon
7;Chiapas;Chis.;32;Escuintla
7;Chiapas;Chis.;33;Francisco Leon
7;Chiapas;Chis.;34;Frontera Comalapa
7;Chiapas;Chis.;35;Frontera Hidalgo
7;Chiapas;Chis.;36;La Grandeza
7;Chiapas;Chis.;37;Huehuetan
7;Chiapas;Chis.;38;Huixtan
7;Chiapas;Chis.;39;Huitiupan
7;Chiapas;Chis.;40;Huixtla
7;Chiapas;Chis.;41;La Independencia
7;Chiapas;Chis.;42;Ixhuatan
7;Chiapas;Chis.;43;Ixtacomitan
7;Chiapas;Chis.;44;Ixtapa
7;Chiapas;Chis.;45;Ixtapangajoya
7;Chiapas;Chis.;46;Jiquipilas
7;Chiapas;Chis.;47;Jitotol
7;Chiapas;Chis.;48;Juarez
7;Chiapas;Chis.;49;Larrainzar
7;Chiapas;Chis.;50;La Libertad
7;Chiapas;Chis.;51;Mapastepec
7;Chiapas;Chis.;52;Las Margaritas
7;Chiapas;Chis.;53;Mazapa de Madero
7;Chiapas;Chis.;54;Mazatan
7;Chiapas;Chis.;55;Metapa
7;Chiapas;Chis.;56;Mitontic
7;Chiapas;Chis.;57;Motozintla
7;Chiapas;Chis.;58;Nicolas Ruiz
7;Chiapas;Chis.;59;Ocosingo
7;Chiapas;Chis.;60;Ocotepec
7;Chiapas;Chis.;61;Ocozocoautla de Espinosa
7;Chiapas;Chis.;62;Ostuacan
7;Chiapas;Chis.;63;Osumacinta
7;Chiapas;Chis.;64;Oxchuc
7;Chiapas;Chis.;65;Palenque
7;Chiapas;Chis.;66;Pantelho
7;Chiapas;Chis.;67;Pantepec
7;Chiapas;Chis.;68;Pichucalco
7;Chiapas;Chis.;69;Pijijiapan
7;Chiapas;Chis.;70;El Porvenir
7;Chiapas;Chis.;71;VillaComaltitlan
7;Chiapas;Chis.;72;Pueblo Nuevo Solistahuacan
7;Chiapas;Chis.;73;Rayon
7;Chiapas;Chis.;74;Reforma
7;Chiapas;Chis.;75;Las Rosas
7;Chiapas;Chis.;76;Sabanilla
7;Chiapas;Chis.;77;Salto de Agua
7;Chiapas;Chis.;78;San Cristobal de las Casas
7;Chiapas;Chis.;79;San Fernando
7;Chiapas;Chis.;80;Siltepec
7;Chiapas;Chis.;81;Simojovel
7;Chiapas;Chis.;82;Sitala
7;Chiapas;Chis.;83;Socoltenango
7;Chiapas;Chis.;84;Solosuchiapa
7;Chiapas;Chis.;85;Soyalo
7;Chiapas;Chis.;86;Suchiapa
7;Chiapas;Chis.;87;Suchiate
7;Chiapas;Chis.;88;Sunuapa
7;Chiapas;Chis.;89;Tapachula
7;Chiapas;Chis.;90;Tapalapa
7;Chiapas;Chis.;91;Tapilula
7;Chiapas;Chis.;92;Tecpatan
7;Chiapas;Chis.;93;Tenejapa
7;Chiapas;Chis.;94;Teopisca
7;Chiapas;Chis.;96;Tila
7;Chiapas;Chis.;97;Tonala
7;Chiapas;Chis.;98;Totolapa
7;Chiapas;Chis.;99;La Trinitaria
7;Chiapas;Chis.;100;Tumbala
7;Chiapas;Chis.;101;Tuxtla Gutierrez
7;Chiapas;Chis.;102;Tuxtla Chico
7;Chiapas;Chis.;103;Tuzantan
7;Chiapas;Chis.;104;Tzimol
7;Chiapas;Chis.;105;Union Juarez
7;Chiapas;Chis.;106;Venustiano Carranza
7;Chiapas;Chis.;107;Villa Corzo
7;Chiapas;Chis.;108;Villaflores
7;Chiapas;Chis.;109;Yajalon
7;Chiapas;Chis.;110;San Lucas
7;Chiapas;Chis.;111;Zinacantan
7;Chiapas;Chis.;112;San Juan Cancuc
7;Chiapas;Chis.;113;Aldama
7;Chiapas;Chis.;114;Benemerito de las Americas
7;Chiapas;Chis.;115;Maravilla Tenejapa
7;Chiapas;Chis.;116;Marques de Comillas
7;Chiapas;Chis.;117;Montecristo de Guerrero
7;Chiapas;Chis.;118;San Andres Duraznal
7;Chiapas;Chis.;119;Santiago el Pinar
8;Chihuahua;Chih.;1;Ahumada
8;Chihuahua;Chih.;2;Aldama
8;Chihuahua;Chih.;3;Allende
8;Chihuahua;Chih.;4;Aquiles Serdan
8;Chihuahua;Chih.;5;Ascension
8;Chihuahua;Chih.;6;Bachiniva
8;Chihuahua;Chih.;7;Balleza
8;Chihuahua;Chih.;8;Batopilas
8;Chihuahua;Chih.;9;Bocoyna
8;Chihuahua;Chih.;10;Buenaventura
8;Chihuahua;Chih.;11;Camargo
8;Chihuahua;Chih.;12;Carichi
8;Chihuahua;Chih.;13;Casas Grandes
8;Chihuahua;Chih.;14;Coronado
8;Chihuahua;Chih.;15;Coyame del Sotol
8;Chihuahua;Chih.;16;La Cruz
8;Chihuahua;Chih.;17;Cuauhtemoc
8;Chihuahua;Chih.;18;Cusihuiriachi
8;Chihuahua;Chih.;19;Chihuahua
8;Chihuahua;Chih.;20;Chinipas
8;Chihuahua;Chih.;21;Delicias
8;Chihuahua;Chih.;22;Dr. Belisario Dominguez
8;Chihuahua;Chih.;23;Galeana
8;Chihuahua;Chih.;24;Santa Isabel
8;Chihuahua;Chih.;25;Gomez Farias
8;Chihuahua;Chih.;26;Gran Morelos
8;Chihuahua;Chih.;27;Guachochi
8;Chihuahua;Chih.;28;Guadalupe
8;Chihuahua;Chih.;29;Guadalupe y Calvo
8;Chihuahua;Chih.;30;Guazapares
8;Chihuahua;Chih.;31;Guerrero
8;Chihuahua;Chih.;32;Hidalgo del Parral
8;Chihuahua;Chih.;33;Huejotitan
8;Chihuahua;Chih.;34;Ignacio Zaragoza
8;Chihuahua;Chih.;35;Janos
8;Chihuahua;Chih.;36;Jimenez
8;Chihuahua;Chih.;37;Juarez
8;Chihuahua;Chih.;38;Julimes
8;Chihuahua;Chih.;39;Lopez
8;Chihuahua;Chih.;40;Madera
8;Chihuahua;Chih.;41;Maguarichi
8;Chihuahua;Chih.;42;Manuel Benavides
8;Chihuahua;Chih.;43;Matachi
8;Chihuahua;Chih.;44;Matamoros
8;Chihuahua;Chih.;45;Meoqui
8;Chihuahua;Chih.;46;Morelos
8;Chihuahua;Chih.;47;Moris
8;Chihuahua;Chih.;48;Namiquipa
8;Chihuahua;Chih.;49;Nonoava
8;Chihuahua;Chih.;50;Nuevo Casas Grandes
8;Chihuahua;Chih.;51;Ocampo
8;Chihuahua;Chih.;52;Ojinaga
8;Chihuahua;Chih.;53;Praxedis G. Guerrero
8;Chihuahua;Chih.;54;Riva Palacio
8;Chihuahua;Chih.;55;Rosales
8;Chihuahua;Chih.;56;Rosario
8;Chihuahua;Chih.;57;San Francisco de Borja
8;Chihuahua;Chih.;58;San Francisco de Conchos
8;Chihuahua;Chih.;59;San Francisco del Oro
8;Chihuahua;Chih.;60;Santa Barbara
8;Chihuahua;Chih.;61;Satevo
8;Chihuahua;Chih.;62;Saucillo
8;Chihuahua;Chih.;63;Temosachic
8;Chihuahua;Chih.;64;El Tule
8;Chihuahua;Chih.;65;Urique
8;Chihuahua;Chih.;66;Uruachi
8;Chihuahua;Chih.;67;Valle de Zaragoza
9;Distrito Federal;DF;2;Azcapotzalco
9;Distrito Federal;DF;3;Coyoacan
9;Distrito Federal;DF;4;Cuajimalpa de Morelos
9;Distrito Federal;DF;5;Gustavo A. Madero
9;Distrito Federal;DF;6;Iztacalco
9;Distrito Federal;DF;7;Iztapalapa
9;Distrito Federal;DF;8;La Magdalena Contreras
9;Distrito Federal;DF;9;Milpa Alta
9;Distrito Federal;DF;10;alvaro Obregon
9;Distrito Federal;DF;11;Tlahuac
9;Distrito Federal;DF;12;Tlalpan
9;Distrito Federal;DF;13;Xochimilco
9;Distrito Federal;DF;14;Benito Juarez
9;Distrito Federal;DF;15;Cuauhtemoc
9;Distrito Federal;DF;16;Miguel Hidalgo
9;Distrito Federal;DF;17;Venustiano Carranza
10;Durango;Dgo.;1;Canatlan
10;Durango;Dgo.;2;Canelas
10;Durango;Dgo.;3;Coneto de Comonfort
10;Durango;Dgo.;4;Cuencame
10;Durango;Dgo.;5;Durango
10;Durango;Dgo.;6;Simon Bolivar
10;Durango;Dgo.;7;Gomez Palacio
10;Durango;Dgo.;8;Guadalupe Victoria
10;Durango;Dgo.;9;Guanacevi
10;Durango;Dgo.;10;Hidalgo
10;Durango;Dgo.;11;Inde
10;Durango;Dgo.;12;Lerdo
10;Durango;Dgo.;13;Mapimi
10;Durango;Dgo.;14;Mezquital
10;Durango;Dgo.;15;Nazas
10;Durango;Dgo.;16;Nombre de Dios
10;Durango;Dgo.;17;Ocampo
10;Durango;Dgo.;18;El Oro
10;Durango;Dgo.;19;Otaez
10;Durango;Dgo.;20;Panuco de Coronado
10;Durango;Dgo.;21;Peñon Blanco
10;Durango;Dgo.;22;Poanas
10;Durango;Dgo.;23;Pueblo Nuevo
10;Durango;Dgo.;24;Rodeo
10;Durango;Dgo.;25;San Bernardo
10;Durango;Dgo.;26;San Dimas
10;Durango;Dgo.;27;San Juan de Guadalupe
10;Durango;Dgo.;28;San Juan del Rio
10;Durango;Dgo.;29;San Luis del Cordero
10;Durango;Dgo.;30;San Pedro del Gallo
10;Durango;Dgo.;31;Santa Clara
10;Durango;Dgo.;32;Santiago Papasquiaro
10;Durango;Dgo.;33;Suchil
10;Durango;Dgo.;34;Tamazula
10;Durango;Dgo.;35;Tepehuanes
10;Durango;Dgo.;36;Tlahualilo
10;Durango;Dgo.;37;Topia
10;Durango;Dgo.;38;Vicente Guerrero
10;Durango;Dgo.;39;Nuevo Ideal
11;Guanajuato;Gto.;1;Abasolo
11;Guanajuato;Gto.;2;Acambaro
11;Guanajuato;Gto.;3;San Miguel de Allende
11;Guanajuato;Gto.;4;Apaseo el Alto
11;Guanajuato;Gto.;5;Apaseo el Grande
11;Guanajuato;Gto.;6;Atarjea
11;Guanajuato;Gto.;7;Celaya
11;Guanajuato;Gto.;8;Manuel Doblado
11;Guanajuato;Gto.;9;Comonfort
11;Guanajuato;Gto.;10;Coroneo
11;Guanajuato;Gto.;11;Cortazar
11;Guanajuato;Gto.;12;Cueramaro
11;Guanajuato;Gto.;13;Doctor Mora
11;Guanajuato;Gto.;14;dolores hidalgo cuna de la independencia nacional
11;Guanajuato;Gto.;15;Guanajuato
11;Guanajuato;Gto.;16;Huanimaro
11;Guanajuato;Gto.;17;Irapuato
11;Guanajuato;Gto.;18;Jaral del Progreso
11;Guanajuato;Gto.;19;Jerecuaro
11;Guanajuato;Gto.;20;Leon
11;Guanajuato;Gto.;21;Moroleon
11;Guanajuato;Gto.;22;Ocampo
11;Guanajuato;Gto.;23;Penjamo
11;Guanajuato;Gto.;24;Pueblo Nuevo
11;Guanajuato;Gto.;25;Purisima del Rincon
11;Guanajuato;Gto.;26;Romita
11;Guanajuato;Gto.;27;Salamanca
11;Guanajuato;Gto.;28;Salvatierra
11;Guanajuato;Gto.;29;San Diego de la Union
11;Guanajuato;Gto.;30;San Felipe
11;Guanajuato;Gto.;31;San Francisco del Rincon
11;Guanajuato;Gto.;32;San Jose Iturbide
11;Guanajuato;Gto.;33;San Luis de la Paz
11;Guanajuato;Gto.;34;Santa Catarina
11;Guanajuato;Gto.;35;Santa Cruz de Juventino Rosas
11;Guanajuato;Gto.;36;Santiago Maravatio
11;Guanajuato;Gto.;37;Silao
11;Guanajuato;Gto.;38;Tarandacuao
11;Guanajuato;Gto.;39;Tarimoro
11;Guanajuato;Gto.;40;Tierra Blanca
11;Guanajuato;Gto.;41;Uriangato
11;Guanajuato;Gto.;42;Valle de Santiago
11;Guanajuato;Gto.;43;Victoria
11;Guanajuato;Gto.;44;Villagran
11;Guanajuato;Gto.;45;Xichu
11;Guanajuato;Gto.;46;Yuriria
12;Guerrero;Gro.;1;Acapulco de Juarez
12;Guerrero;Gro.;2;Ahuacuotzingo
12;Guerrero;Gro.;3;Ajuchitlan del Progreso
12;Guerrero;Gro.;4;Alcozauca de Guerrero
12;Guerrero;Gro.;5;Alpoyeca
12;Guerrero;Gro.;6;Apaxtla
12;Guerrero;Gro.;7;Arcelia
12;Guerrero;Gro.;8;Atenango del Rio
12;Guerrero;Gro.;9;Atlamajalcingo del Monte
12;Guerrero;Gro.;10;Atlixtac
12;Guerrero;Gro.;11;Atoyac de alvarez
12;Guerrero;Gro.;12;Ayutla de los Libres
12;Guerrero;Gro.;13;Azoyu
12;Guerrero;Gro.;14;Benito Juarez
12;Guerrero;Gro.;15;Buenavista de Cuellar
12;Guerrero;Gro.;16;Coahuayutla de Jose Maria Izazaga
12;Guerrero;Gro.;17;Cocula
12;Guerrero;Gro.;18;Copala
12;Guerrero;Gro.;19;Copalillo
12;Guerrero;Gro.;20;Copanatoyac
12;Guerrero;Gro.;21;Coyuca de Benitez
12;Guerrero;Gro.;22;Coyuca de Catalan
12;Guerrero;Gro.;23;Cuajinicuilapa
12;Guerrero;Gro.;24;Cualac
12;Guerrero;Gro.;25;Cuautepec
12;Guerrero;Gro.;26;Cuetzala del Progreso
12;Guerrero;Gro.;27;Cutzamala de Pinzon
12;Guerrero;Gro.;28;Chilapa de alvarez
12;Guerrero;Gro.;29;Chilpancingo de los Bravo
12;Guerrero;Gro.;30;Florencio Villarreal
12;Guerrero;Gro.;31;General Canuto A. Neri
12;Guerrero;Gro.;32;General Heliodoro Castillo
12;Guerrero;Gro.;33;Huamuxtitlan
12;Guerrero;Gro.;34;Huitzuco de los Figueroa
12;Guerrero;Gro.;35;Iguala de la Independencia
12;Guerrero;Gro.;36;Igualapa
12;Guerrero;Gro.;37;Ixcateopan de Cuauhtemoc
12;Guerrero;Gro.;38;Jose Azueta
12;Guerrero;Gro.;39;Juan R. Escudero
12;Guerrero;Gro.;40;Leonardo Bravo
12;Guerrero;Gro.;41;Malinaltepec
12;Guerrero;Gro.;42;Martir de Cuilapan
12;Guerrero;Gro.;43;Metlatonoc
12;Guerrero;Gro.;44;Mochitlan
12;Guerrero;Gro.;45;Olinala
12;Guerrero;Gro.;46;Ometepec
12;Guerrero;Gro.;47;Pedro Ascencio Alquisiras
12;Guerrero;Gro.;48;Petatlan
12;Guerrero;Gro.;49;Pilcaya
12;Guerrero;Gro.;50;Pungarabato
12;Guerrero;Gro.;51;Quechultenango
12;Guerrero;Gro.;52;San Luis Acatlan
12;Guerrero;Gro.;53;San Marcos
12;Guerrero;Gro.;54;San Miguel Totolapan
12;Guerrero;Gro.;55;Taxco de Alarcon
12;Guerrero;Gro.;56;Tecoanapa
12;Guerrero;Gro.;57;Tecpan de Galeana
12;Guerrero;Gro.;58;Teloloapan
12;Guerrero;Gro.;59;Tepecoacuilco de Trujano
12;Guerrero;Gro.;60;Tetipac
12;Guerrero;Gro.;61;Tixtla de Guerrero
12;Guerrero;Gro.;62;Tlacoachistlahuaca
12;Guerrero;Gro.;63;Tlacoapa
12;Guerrero;Gro.;64;Tlalchapa
12;Guerrero;Gro.;65;Tlalixtaquilla de Maldonado
12;Guerrero;Gro.;66;Tlapa de Comonfort
12;Guerrero;Gro.;67;Tlapehuala
12;Guerrero;Gro.;68;La Union de Isidoro Montes de Oca
12;Guerrero;Gro.;69;Xalpatlahuac
12;Guerrero;Gro.;70;Xochihuehuetlan
12;Guerrero;Gro.;71;Xochistlahuaca
12;Guerrero;Gro.;72;Zapotitlan Tablas
12;Guerrero;Gro.;73;Zirandaro
12;Guerrero;Gro.;74;Zitlala
12;Guerrero;Gro.;75;Eduardo Neri
12;Guerrero;Gro.;76;Acatepec
12;Guerrero;Gro.;77;Marquelia
12;Guerrero;Gro.;78;Cochoapa el Grande
12;Guerrero;Gro.;79;Jose Joaquin de Herrera
12;Guerrero;Gro.;80;Juchitan
12;Guerrero;Gro.;81;Iliatenco
13;Hidalgo;Hgo.;1;Acatlan
13;Hidalgo;Hgo.;2;Acaxochitlan
13;Hidalgo;Hgo.;3;Actopan
13;Hidalgo;Hgo.;4;Agua Blanca de Iturbide
13;Hidalgo;Hgo.;5;Ajacuba
13;Hidalgo;Hgo.;6;Alfajayucan
13;Hidalgo;Hgo.;7;Almoloya
13;Hidalgo;Hgo.;8;Apan
13;Hidalgo;Hgo.;9;El Arenal
13;Hidalgo;Hgo.;10;Atitalaquia
13;Hidalgo;Hgo.;11;Atlapexco
13;Hidalgo;Hgo.;12;Atotonilco el Grande
13;Hidalgo;Hgo.;13;Atotonilco de Tula
13;Hidalgo;Hgo.;14;Calnali
13;Hidalgo;Hgo.;15;Cardonal
13;Hidalgo;Hgo.;16;Cuautepec de Hinojosa
13;Hidalgo;Hgo.;17;Chapantongo
13;Hidalgo;Hgo.;18;Chapulhuacan
13;Hidalgo;Hgo.;19;Chilcuautla
13;Hidalgo;Hgo.;20;Eloxochitlan
13;Hidalgo;Hgo.;21;Emiliano Zapata
13;Hidalgo;Hgo.;22;Epazoyucan
13;Hidalgo;Hgo.;23;Francisco I. Madero
13;Hidalgo;Hgo.;24;Huasca de Ocampo
13;Hidalgo;Hgo.;25;Huautla
13;Hidalgo;Hgo.;26;Huazalingo
13;Hidalgo;Hgo.;27;Huehuetla
13;Hidalgo;Hgo.;28;Huejutla de Reyes
13;Hidalgo;Hgo.;29;Huichapan
13;Hidalgo;Hgo.;30;Ixmiquilpan
13;Hidalgo;Hgo.;31;Jacala de Ledezma
13;Hidalgo;Hgo.;32;Jaltocan
13;Hidalgo;Hgo.;33;Juarez Hidalgo
13;Hidalgo;Hgo.;34;Lolotla
13;Hidalgo;Hgo.;35;Metepec
13;Hidalgo;Hgo.;36;San Agustin Metzquititlan
13;Hidalgo;Hgo.;37;Metztitlan
13;Hidalgo;Hgo.;38;Mineral del Chico
13;Hidalgo;Hgo.;39;Mineral del Monte
13;Hidalgo;Hgo.;40;La Mision
13;Hidalgo;Hgo.;41;Mixquiahuala de Juarez
13;Hidalgo;Hgo.;42;Molango de Escamilla
13;Hidalgo;Hgo.;43;Nicolas Flores
13;Hidalgo;Hgo.;44;Nopala de Villagran
13;Hidalgo;Hgo.;45;Omitlan de Juarez
13;Hidalgo;Hgo.;46;San Felipe Orizatlan
13;Hidalgo;Hgo.;47;Pacula
13;Hidalgo;Hgo.;48;Pachuca de Soto
13;Hidalgo;Hgo.;49;Pisaflores
13;Hidalgo;Hgo.;50;Progreso de Obregon
13;Hidalgo;Hgo.;51;Mineral de la Reforma
13;Hidalgo;Hgo.;52;San Agustin Tlaxiaca
13;Hidalgo;Hgo.;53;San Bartolo Tutotepec
13;Hidalgo;Hgo.;54;San Salvador
13;Hidalgo;Hgo.;55;Santiago de Anaya
13;Hidalgo;Hgo.;56;Santiago Tulantepec de Lugo Guerrero
13;Hidalgo;Hgo.;57;Singuilucan
13;Hidalgo;Hgo.;58;Tasquillo
13;Hidalgo;Hgo.;59;Tecozautla
13;Hidalgo;Hgo.;60;Tenango de Doria
13;Hidalgo;Hgo.;61;Tepeapulco
13;Hidalgo;Hgo.;62;Tepehuacan de Guerrero
13;Hidalgo;Hgo.;63;Tepeji del Rio de Ocampo
13;Hidalgo;Hgo.;64;Tepetitlan
13;Hidalgo;Hgo.;65;Tetepango
13;Hidalgo;Hgo.;66;Villa de Tezontepec
13;Hidalgo;Hgo.;67;Tezontepec de Aldama
13;Hidalgo;Hgo.;68;Tianguistengo
13;Hidalgo;Hgo.;69;Tizayuca
13;Hidalgo;Hgo.;70;Tlahuelilpan
13;Hidalgo;Hgo.;71;Tlahuiltepa
13;Hidalgo;Hgo.;72;Tlanalapa
13;Hidalgo;Hgo.;73;Tlanchinol
13;Hidalgo;Hgo.;74;Tlaxcoapan
13;Hidalgo;Hgo.;75;Tolcayuca
13;Hidalgo;Hgo.;76;Tula de Allende
13;Hidalgo;Hgo.;77;Tulancingo de Bravo
13;Hidalgo;Hgo.;78;Xochiatipan
13;Hidalgo;Hgo.;79;Xochicoatlan
13;Hidalgo;Hgo.;80;Yahualica
13;Hidalgo;Hgo.;81;Zacualtipan de angeles
13;Hidalgo;Hgo.;82;Zapotlan de Juarez
13;Hidalgo;Hgo.;83;Zempoala
13;Hidalgo;Hgo.;84;Zimapan
14;Jalisco;Jal.;1;Acatic
14;Jalisco;Jal.;2;Acatlan de Juarez
14;Jalisco;Jal.;3;Ahualulco de Mercado
14;Jalisco;Jal.;4;Amacueca
14;Jalisco;Jal.;5;Amatitan
14;Jalisco;Jal.;6;Ameca
14;Jalisco;Jal.;7;San Juanito de Escobedo
14;Jalisco;Jal.;8;Arandas
14;Jalisco;Jal.;9;El Arenal
14;Jalisco;Jal.;10;Atemajac de Brizuela
14;Jalisco;Jal.;11;Atengo
14;Jalisco;Jal.;12;Atenguillo
14;Jalisco;Jal.;13;Atotonilco el Alto
14;Jalisco;Jal.;14;Atoyac
14;Jalisco;Jal.;15;Autlan de Navarro
14;Jalisco;Jal.;16;Ayotlan
14;Jalisco;Jal.;17;Ayutla
14;Jalisco;Jal.;18;La Barca
14;Jalisco;Jal.;19;Bolaños
14;Jalisco;Jal.;20;Cabo Corrientes
14;Jalisco;Jal.;21;Casimiro Castillo
14;Jalisco;Jal.;22;Cihuatlan
14;Jalisco;Jal.;23;Zapotlan el Grande
14;Jalisco;Jal.;24;Cocula
14;Jalisco;Jal.;25;Colotlan
14;Jalisco;Jal.;26;Concepcion de Buenos Aires
14;Jalisco;Jal.;27;Cuautitlan de Garcia Barragan
14;Jalisco;Jal.;28;Cuautla
14;Jalisco;Jal.;29;Cuquio
14;Jalisco;Jal.;30;Chapala
14;Jalisco;Jal.;31;Chimaltitan
14;Jalisco;Jal.;32;Chiquilistlan
14;Jalisco;Jal.;33;Degollado
14;Jalisco;Jal.;34;Ejutla
14;Jalisco;Jal.;35;Encarnacion de Diaz
14;Jalisco;Jal.;36;Etzatlan
14;Jalisco;Jal.;37;El Grullo
14;Jalisco;Jal.;38;Guachinango
14;Jalisco;Jal.;39;Guadalajara
14;Jalisco;Jal.;40;Hostotipaquillo
14;Jalisco;Jal.;41;Huejucar
14;Jalisco;Jal.;42;Huejuquilla el Alto
14;Jalisco;Jal.;43;La Huerta
14;Jalisco;Jal.;44;Ixtlahuacan de los Membrillos
14;Jalisco;Jal.;45;Ixtlahuacan del Rio
14;Jalisco;Jal.;46;Jalostotitlan
14;Jalisco;Jal.;47;Jamay
14;Jalisco;Jal.;48;Jesus Maria
14;Jalisco;Jal.;49;Jilotlan de los Dolores
14;Jalisco;Jal.;50;Jocotepec
14;Jalisco;Jal.;51;Juanacatlan
14;Jalisco;Jal.;52;Juchitlan
14;Jalisco;Jal.;53;Lagos de Moreno
14;Jalisco;Jal.;54;El Limon
14;Jalisco;Jal.;55;Magdalena
14;Jalisco;Jal.;56;Santa Maria del Oro
14;Jalisco;Jal.;57;La Manzanilla de la Paz
14;Jalisco;Jal.;58;Mascota
14;Jalisco;Jal.;59;Mazamitla
14;Jalisco;Jal.;60;Mexticacan
14;Jalisco;Jal.;61;Mezquitic
14;Jalisco;Jal.;62;Mixtlan
14;Jalisco;Jal.;63;Ocotlan
14;Jalisco;Jal.;64;Ojuelos de Jalisco
14;Jalisco;Jal.;65;Pihuamo
14;Jalisco;Jal.;66;Poncitlan
14;Jalisco;Jal.;67;Puerto Vallarta
14;Jalisco;Jal.;68;Villa Purificacion
14;Jalisco;Jal.;69;Quitupan
14;Jalisco;Jal.;70;El Salto
14;Jalisco;Jal.;71;San Cristobal de la Barranca
14;Jalisco;Jal.;72;San Diego de Alejandria
14;Jalisco;Jal.;73;San Juan de los Lagos
14;Jalisco;Jal.;74;San Julian
14;Jalisco;Jal.;75;San Marcos
14;Jalisco;Jal.;76;San Martin de Bolaños
14;Jalisco;Jal.;77;San Martin Hidalgo
14;Jalisco;Jal.;78;San Miguel el Alto
14;Jalisco;Jal.;79;Gomez Farias
14;Jalisco;Jal.;80;San Sebastian del Oeste
14;Jalisco;Jal.;81;Santa Maria de los angeles
14;Jalisco;Jal.;82;Sayula
14;Jalisco;Jal.;83;Tala
14;Jalisco;Jal.;84;Talpa de Allende
14;Jalisco;Jal.;85;Tamazula de Gordiano
14;Jalisco;Jal.;86;Tapalpa
14;Jalisco;Jal.;87;Tecalitlan
14;Jalisco;Jal.;88;Tecolotlan
14;Jalisco;Jal.;89;Techaluta de Montenegro
14;Jalisco;Jal.;90;Tenamaxtlan
14;Jalisco;Jal.;91;Teocaltiche
14;Jalisco;Jal.;92;Teocuitatlan de Corona
14;Jalisco;Jal.;93;Tepatitlan de Morelos
14;Jalisco;Jal.;94;Tequila
14;Jalisco;Jal.;95;Teuchitlan
14;Jalisco;Jal.;96;Tizapan el Alto
14;Jalisco;Jal.;97;Tlajomulco de Zuñiga
14;Jalisco;Jal.;98;Tlaquepaque
14;Jalisco;Jal.;99;Toliman
14;Jalisco;Jal.;100;Tomatlan
14;Jalisco;Jal.;101;Tonala
14;Jalisco;Jal.;102;Tonaya
14;Jalisco;Jal.;103;Tonila
14;Jalisco;Jal.;104;Totatiche
14;Jalisco;Jal.;105;Tototlan
14;Jalisco;Jal.;106;Tuxcacuesco
14;Jalisco;Jal.;107;Tuxcueca
14;Jalisco;Jal.;108;Tuxpan
14;Jalisco;Jal.;109;Union de San Antonio
14;Jalisco;Jal.;110;Union de Tula
14;Jalisco;Jal.;111;Valle de Guadalupe
14;Jalisco;Jal.;112;Valle de Juarez
14;Jalisco;Jal.;113;San Gabriel
14;Jalisco;Jal.;114;Villa Corona
14;Jalisco;Jal.;115;Villa Guerrero
14;Jalisco;Jal.;116;Villa Hidalgo
14;Jalisco;Jal.;117;Cañadas de Obregon
14;Jalisco;Jal.;118;Yahualica de Gonzalez Gallo
14;Jalisco;Jal.;119;Zacoalco de Torres
14;Jalisco;Jal.;120;Zapopan
14;Jalisco;Jal.;121;Zapotiltic
14;Jalisco;Jal.;122;Zapotitlan de Vadillo
14;Jalisco;Jal.;123;Zapotlan del Rey
14;Jalisco;Jal.;124;Zapotlanejo
14;Jalisco;Jal.;125;San Ignacio Cerro Gordo
15;Mexico;Mex.;1;Acambay
15;Mexico;Mex.;2;Acolman
15;Mexico;Mex.;3;Aculco
15;Mexico;Mex.;4;Almoloya de Alquisiras
15;Mexico;Mex.;5;Almoloya de Juarez
15;Mexico;Mex.;6;Almoloya del Rio
15;Mexico;Mex.;7;Amanalco
15;Mexico;Mex.;8;Amatepec
15;Mexico;Mex.;9;Amecameca
15;Mexico;Mex.;10;Apaxco
15;Mexico;Mex.;11;Atenco
15;Mexico;Mex.;12;Atizapan
15;Mexico;Mex.;13;Atizapan de Zaragoza
15;Mexico;Mex.;14;Atlacomulco
15;Mexico;Mex.;15;Atlautla
15;Mexico;Mex.;16;Axapusco
15;Mexico;Mex.;17;Ayapango
15;Mexico;Mex.;18;Calimaya
15;Mexico;Mex.;19;Capulhuac
15;Mexico;Mex.;20;Coacalco de Berriozabal
15;Mexico;Mex.;21;Coatepec Harinas
15;Mexico;Mex.;22;Cocotitlan
15;Mexico;Mex.;23;Coyotepec
15;Mexico;Mex.;24;Cuautitlan
15;Mexico;Mex.;25;Chalco
15;Mexico;Mex.;26;Chapa de Mota
15;Mexico;Mex.;27;Chapultepec
15;Mexico;Mex.;28;Chiautla
15;Mexico;Mex.;29;Chicoloapan
15;Mexico;Mex.;30;Chiconcuac
15;Mexico;Mex.;31;Chimalhuacan
15;Mexico;Mex.;32;Donato Guerra
15;Mexico;Mex.;33;Ecatepec de Morelos
15;Mexico;Mex.;34;Ecatzingo
15;Mexico;Mex.;35;Huehuetoca
15;Mexico;Mex.;36;Hueypoxtla
15;Mexico;Mex.;37;Huixquilucan
15;Mexico;Mex.;38;Isidro Fabela
15;Mexico;Mex.;39;Ixtapaluca
15;Mexico;Mex.;40;Ixtapan de la Sal
15;Mexico;Mex.;41;Ixtapan del Oro
15;Mexico;Mex.;42;Ixtlahuaca
15;Mexico;Mex.;43;Xalatlaco
15;Mexico;Mex.;44;Jaltenco
15;Mexico;Mex.;45;Jilotepec
15;Mexico;Mex.;46;Jilotzingo
15;Mexico;Mex.;47;Jiquipilco
15;Mexico;Mex.;48;Jocotitlan
15;Mexico;Mex.;49;Joquicingo
15;Mexico;Mex.;50;Juchitepec
15;Mexico;Mex.;51;Lerma
15;Mexico;Mex.;52;Malinalco
15;Mexico;Mex.;53;Melchor Ocampo
15;Mexico;Mex.;54;Metepec
15;Mexico;Mex.;55;Mexicaltzingo
15;Mexico;Mex.;56;Morelos
15;Mexico;Mex.;57;Naucalpan de Juarez
15;Mexico;Mex.;58;Nezahualcoyotl
15;Mexico;Mex.;59;Nextlalpan
15;Mexico;Mex.;60;Nicolas Romero
15;Mexico;Mex.;61;Nopaltepec
15;Mexico;Mex.;62;Ocoyoacac
15;Mexico;Mex.;63;Ocuilan
15;Mexico;Mex.;64;El Oro
15;Mexico;Mex.;65;Otumba
15;Mexico;Mex.;66;Otzoloapan
15;Mexico;Mex.;67;Otzolotepec
15;Mexico;Mex.;68;Ozumba
15;Mexico;Mex.;69;Papalotla
15;Mexico;Mex.;70;La Paz
15;Mexico;Mex.;71;Polotitlan
15;Mexico;Mex.;72;Rayon
15;Mexico;Mex.;73;San Antonio la Isla
15;Mexico;Mex.;74;San Felipe del Progreso
15;Mexico;Mex.;75;San Martin de las Piramides
15;Mexico;Mex.;76;San Mateo Atenco
15;Mexico;Mex.;77;San Simon de Guerrero
15;Mexico;Mex.;78;Santo Tomas
15;Mexico;Mex.;79;Soyaniquilpan de Juarez
15;Mexico;Mex.;80;Sultepec
15;Mexico;Mex.;81;Tecamac
15;Mexico;Mex.;82;Tejupilco
15;Mexico;Mex.;83;Temamatla
15;Mexico;Mex.;84;Temascalapa
15;Mexico;Mex.;85;Temascalcingo
15;Mexico;Mex.;86;Temascaltepec
15;Mexico;Mex.;87;Temoaya
15;Mexico;Mex.;88;Tenancingo
15;Mexico;Mex.;89;Tenango del Aire
15;Mexico;Mex.;90;Tenango del Valle
15;Mexico;Mex.;91;Teoloyucan
15;Mexico;Mex.;92;Teotihuacan
15;Mexico;Mex.;93;Tepetlaoxtoc
15;Mexico;Mex.;94;Tepetlixpa
15;Mexico;Mex.;95;Tepotzotlan
15;Mexico;Mex.;96;Tequixquiac
15;Mexico;Mex.;97;Texcaltitlan
15;Mexico;Mex.;98;Texcalyacac
15;Mexico;Mex.;99;Texcoco
15;Mexico;Mex.;100;Tezoyuca
15;Mexico;Mex.;101;Tianguistenco
15;Mexico;Mex.;102;Timilpan
15;Mexico;Mex.;103;Tlalmanalco
15;Mexico;Mex.;104;Tlalnepantla de Baz
15;Mexico;Mex.;105;Tlatlaya
15;Mexico;Mex.;106;Toluca
15;Mexico;Mex.;107;Tonatico
15;Mexico;Mex.;108;Tultepec
15;Mexico;Mex.;109;Tultitlan
15;Mexico;Mex.;110;Valle de Bravo
15;Mexico;Mex.;111;Villa de Allende
15;Mexico;Mex.;112;Villa del Carbon
15;Mexico;Mex.;113;Villa Guerrero
15;Mexico;Mex.;114;Villa Victoria
15;Mexico;Mex.;115;Xonacatlan
15;Mexico;Mex.;116;Zacazonapan
15;Mexico;Mex.;117;Zacualpan
15;Mexico;Mex.;118;Zinacantepec
15;Mexico;Mex.;119;Zumpahuacan
15;Mexico;Mex.;120;Zumpango
15;Mexico;Mex.;121;Cuautitlan Izcalli
15;Mexico;Mex.;122;Valle de Chalco Solidaridad
15;Mexico;Mex.;123;Luvianos
15;Mexico;Mex.;124;San Jose del Rincon
15;Mexico;Mex.;125;Tonanitla
16;Michoacan de Ocampo;Mich.;1;Acuitzio
16;Michoacan de Ocampo;Mich.;2;Aguililla
16;Michoacan de Ocampo;Mich.;3;alvaro Obregon
16;Michoacan de Ocampo;Mich.;4;Angamacutiro
16;Michoacan de Ocampo;Mich.;5;Angangueo
16;Michoacan de Ocampo;Mich.;6;Apatzingan
16;Michoacan de Ocampo;Mich.;7;Aporo
16;Michoacan de Ocampo;Mich.;8;Aquila
16;Michoacan de Ocampo;Mich.;9;Ario
16;Michoacan de Ocampo;Mich.;10;Arteaga
16;Michoacan de Ocampo;Mich.;11;Briseñas
16;Michoacan de Ocampo;Mich.;12;Buenavista
16;Michoacan de Ocampo;Mich.;13;Caracuaro
16;Michoacan de Ocampo;Mich.;14;Coahuayana
16;Michoacan de Ocampo;Mich.;15;Coalcoman de Vazquez Pallares
16;Michoacan de Ocampo;Mich.;16;Coeneo
16;Michoacan de Ocampo;Mich.;17;Contepec
16;Michoacan de Ocampo;Mich.;18;Copandaro
16;Michoacan de Ocampo;Mich.;19;Cotija
16;Michoacan de Ocampo;Mich.;20;Cuitzeo
16;Michoacan de Ocampo;Mich.;21;Charapan
16;Michoacan de Ocampo;Mich.;22;Charo
16;Michoacan de Ocampo;Mich.;23;Chavinda
16;Michoacan de Ocampo;Mich.;24;Cheran
16;Michoacan de Ocampo;Mich.;25;Chilchota
16;Michoacan de Ocampo;Mich.;26;Chinicuila
16;Michoacan de Ocampo;Mich.;27;Chucandiro
16;Michoacan de Ocampo;Mich.;28;Churintzio
16;Michoacan de Ocampo;Mich.;29;Churumuco
16;Michoacan de Ocampo;Mich.;30;Ecuandureo
16;Michoacan de Ocampo;Mich.;31;Epitacio Huerta
16;Michoacan de Ocampo;Mich.;32;Erongaricuaro
16;Michoacan de Ocampo;Mich.;33;Gabriel Zamora
16;Michoacan de Ocampo;Mich.;34;Hidalgo
16;Michoacan de Ocampo;Mich.;35;La Huacana
16;Michoacan de Ocampo;Mich.;36;Huandacareo
16;Michoacan de Ocampo;Mich.;37;Huaniqueo
16;Michoacan de Ocampo;Mich.;38;Huetamo
16;Michoacan de Ocampo;Mich.;39;Huiramba
16;Michoacan de Ocampo;Mich.;40;Indaparapeo
16;Michoacan de Ocampo;Mich.;41;Irimbo
16;Michoacan de Ocampo;Mich.;42;Ixtlan
16;Michoacan de Ocampo;Mich.;43;Jacona
16;Michoacan de Ocampo;Mich.;44;Jimenez
16;Michoacan de Ocampo;Mich.;45;Jiquilpan
16;Michoacan de Ocampo;Mich.;46;Juarez
16;Michoacan de Ocampo;Mich.;47;Jungapeo
16;Michoacan de Ocampo;Mich.;48;Lagunillas
16;Michoacan de Ocampo;Mich.;49;Madero
16;Michoacan de Ocampo;Mich.;50;Maravatio
16;Michoacan de Ocampo;Mich.;51;Marcos Castellanos
16;Michoacan de Ocampo;Mich.;52;Lazaro Cardenas
16;Michoacan de Ocampo;Mich.;53;Morelia
16;Michoacan de Ocampo;Mich.;54;Morelos
16;Michoacan de Ocampo;Mich.;55;Mugica
16;Michoacan de Ocampo;Mich.;56;Nahuatzen
16;Michoacan de Ocampo;Mich.;57;Nocupetaro
16;Michoacan de Ocampo;Mich.;58;Nuevo Parangaricutiro
16;Michoacan de Ocampo;Mich.;59;Nuevo Urecho
16;Michoacan de Ocampo;Mich.;60;Numaran
16;Michoacan de Ocampo;Mich.;61;Ocampo
16;Michoacan de Ocampo;Mich.;62;Pajacuaran
16;Michoacan de Ocampo;Mich.;63;Panindicuaro
16;Michoacan de Ocampo;Mich.;64;Paracuaro
16;Michoacan de Ocampo;Mich.;65;Paracho
16;Michoacan de Ocampo;Mich.;66;Patzcuaro
16;Michoacan de Ocampo;Mich.;67;Penjamillo
16;Michoacan de Ocampo;Mich.;68;Periban
16;Michoacan de Ocampo;Mich.;69;La Piedad
16;Michoacan de Ocampo;Mich.;70;Purepero
16;Michoacan de Ocampo;Mich.;71;Puruandiro
16;Michoacan de Ocampo;Mich.;72;Querendaro
16;Michoacan de Ocampo;Mich.;73;Quiroga
16;Michoacan de Ocampo;Mich.;74;Cojumatlan de Regules
16;Michoacan de Ocampo;Mich.;75;Los Reyes
16;Michoacan de Ocampo;Mich.;76;Sahuayo
16;Michoacan de Ocampo;Mich.;77;San Lucas
16;Michoacan de Ocampo;Mich.;78;Santa Ana Maya
16;Michoacan de Ocampo;Mich.;79;Salvador Escalante
16;Michoacan de Ocampo;Mich.;80;Senguio
16;Michoacan de Ocampo;Mich.;81;Susupuato
16;Michoacan de Ocampo;Mich.;82;Tacambaro
16;Michoacan de Ocampo;Mich.;83;Tancitaro
16;Michoacan de Ocampo;Mich.;84;Tangamandapio
16;Michoacan de Ocampo;Mich.;85;Tangancicuaro
16;Michoacan de Ocampo;Mich.;86;Tanhuato
16;Michoacan de Ocampo;Mich.;87;Taretan
16;Michoacan de Ocampo;Mich.;88;Tarimbaro
16;Michoacan de Ocampo;Mich.;89;Tepalcatepec
16;Michoacan de Ocampo;Mich.;90;Tingambato
16;Michoacan de Ocampo;Mich.;91;Tinguindin
16;Michoacan de Ocampo;Mich.;92;Tiquicheo de Nicolas Romero
16;Michoacan de Ocampo;Mich.;93;Tlalpujahua
16;Michoacan de Ocampo;Mich.;94;Tlazazalca
16;Michoacan de Ocampo;Mich.;95;Tocumbo
16;Michoacan de Ocampo;Mich.;96;Tumbiscatio
16;Michoacan de Ocampo;Mich.;97;Turicato
16;Michoacan de Ocampo;Mich.;98;Tuxpan
16;Michoacan de Ocampo;Mich.;99;Tuzantla
16;Michoacan de Ocampo;Mich.;100;Tzintzuntzan
16;Michoacan de Ocampo;Mich.;101;Tzitzio
16;Michoacan de Ocampo;Mich.;102;Uruapan
16;Michoacan de Ocampo;Mich.;103;Venustiano Carranza
16;Michoacan de Ocampo;Mich.;104;Villamar
16;Michoacan de Ocampo;Mich.;105;Vista Hermosa
16;Michoacan de Ocampo;Mich.;106;Yurecuaro
16;Michoacan de Ocampo;Mich.;107;Zacapu
16;Michoacan de Ocampo;Mich.;108;Zamora
16;Michoacan de Ocampo;Mich.;109;Zinaparo
16;Michoacan de Ocampo;Mich.;110;Zinapecuaro
16;Michoacan de Ocampo;Mich.;111;Ziracuaretiro
16;Michoacan de Ocampo;Mich.;112;Zitacuaro
16;Michoacan de Ocampo;Mich.;113;Jose Sixto Verduzco
17;Morelos;Mor.;1;Amacuzac
17;Morelos;Mor.;2;Atlatlahucan
17;Morelos;Mor.;3;Axochiapan
17;Morelos;Mor.;4;Ayala
17;Morelos;Mor.;5;Coatlan del Rio
17;Morelos;Mor.;6;Cuautla
17;Morelos;Mor.;7;Cuernavaca
17;Morelos;Mor.;8;Emiliano Zapata
17;Morelos;Mor.;9;Huitzilac
17;Morelos;Mor.;10;Jantetelco
17;Morelos;Mor.;11;Jiutepec
17;Morelos;Mor.;12;Jojutla
17;Morelos;Mor.;13;Jonacatepec
17;Morelos;Mor.;14;Mazatepec
17;Morelos;Mor.;15;Miacatlan
17;Morelos;Mor.;16;Ocuituco
17;Morelos;Mor.;17;Puente de Ixtla
17;Morelos;Mor.;18;Temixco
17;Morelos;Mor.;19;Tepalcingo
17;Morelos;Mor.;20;Tepoztlan
17;Morelos;Mor.;21;Tetecala
17;Morelos;Mor.;22;Tetela del Volcan
17;Morelos;Mor.;23;Tlalnepantla
17;Morelos;Mor.;24;Tlaltizapan
17;Morelos;Mor.;25;Tlaquiltenango
17;Morelos;Mor.;26;Tlayacapan
17;Morelos;Mor.;27;Totolapan
17;Morelos;Mor.;28;Xochitepec
17;Morelos;Mor.;29;Yautepec
17;Morelos;Mor.;30;Yecapixtla
17;Morelos;Mor.;31;Zacatepec
17;Morelos;Mor.;32;Zacualpan
17;Morelos;Mor.;33;Temoac
18;Nayarit;Nay.;1;Acaponeta
18;Nayarit;Nay.;2;Ahuacatlan
18;Nayarit;Nay.;3;Amatlan de Cañas
18;Nayarit;Nay.;4;Compostela
18;Nayarit;Nay.;5;Huajicori
18;Nayarit;Nay.;6;Ixtlan del Rio
18;Nayarit;Nay.;7;Jala
18;Nayarit;Nay.;8;Xalisco
18;Nayarit;Nay.;9;Del Nayar
18;Nayarit;Nay.;10;Rosamorada
18;Nayarit;Nay.;11;Ruiz
18;Nayarit;Nay.;12;San Blas
18;Nayarit;Nay.;13;San Pedro Lagunillas
18;Nayarit;Nay.;14;Santa Maria del Oro
18;Nayarit;Nay.;15;Santiago Ixcuintla
18;Nayarit;Nay.;16;Tecuala
18;Nayarit;Nay.;17;Tepic
18;Nayarit;Nay.;18;Tuxpan
18;Nayarit;Nay.;19;La Yesca
18;Nayarit;Nay.;20;Bahia de Banderas
19;Nuevo Leon;NL;1;Abasolo
19;Nuevo Leon;NL;2;Agualeguas
19;Nuevo Leon;NL;3;Los Aldamas
19;Nuevo Leon;NL;4;Allende
19;Nuevo Leon;NL;5;Anahuac
19;Nuevo Leon;NL;6;Apodaca
19;Nuevo Leon;NL;7;Aramberri
19;Nuevo Leon;NL;8;Bustamante
19;Nuevo Leon;NL;9;Cadereyta Jimenez
19;Nuevo Leon;NL;10;Carmen
19;Nuevo Leon;NL;11;Cerralvo
19;Nuevo Leon;NL;12;Cienega de Flores
19;Nuevo Leon;NL;13;China
19;Nuevo Leon;NL;14;Dr. Arroyo
19;Nuevo Leon;NL;15;Dr. Coss
19;Nuevo Leon;NL;16;Dr. Gonzalez
19;Nuevo Leon;NL;17;Galeana
19;Nuevo Leon;NL;18;Garcia
19;Nuevo Leon;NL;19;San Pedro Garza Garcia
19;Nuevo Leon;NL;20;Gral. Bravo
19;Nuevo Leon;NL;21;Gral. Escobedo
19;Nuevo Leon;NL;22;gral. teran
19;Nuevo Leon;NL;23;Gral. Treviño
19;Nuevo Leon;NL;24;Gral. Zaragoza
19;Nuevo Leon;NL;25;Gral. Zuazua
19;Nuevo Leon;NL;26;Guadalupe
19;Nuevo Leon;NL;27;Los Herreras
19;Nuevo Leon;NL;28;Higueras
19;Nuevo Leon;NL;29;Hualahuises
19;Nuevo Leon;NL;30;Iturbide
19;Nuevo Leon;NL;31;Juarez
19;Nuevo Leon;NL;32;Lampazos de Naranjo
19;Nuevo Leon;NL;33;Linares
19;Nuevo Leon;NL;34;Marin
19;Nuevo Leon;NL;35;Melchor Ocampo
19;Nuevo Leon;NL;36;Mier y Noriega
19;Nuevo Leon;NL;37;Mina
19;Nuevo Leon;NL;38;Montemorelos
19;Nuevo Leon;NL;39;Monterrey
19;Nuevo Leon;NL;40;Paras
19;Nuevo Leon;NL;41;Pesqueria
19;Nuevo Leon;NL;42;Los Ramones
19;Nuevo Leon;NL;43;Rayones
19;Nuevo Leon;NL;44;Sabinas Hidalgo
19;Nuevo Leon;NL;45;Salinas Victoria
19;Nuevo Leon;NL;46;San Nicolas de los Garza
19;Nuevo Leon;NL;47;Hidalgo
19;Nuevo Leon;NL;48;Santa Catarina
19;Nuevo Leon;NL;49;Santiago
19;Nuevo Leon;NL;50;Vallecillo
19;Nuevo Leon;NL;51;Villaldama
20;Oaxaca;Oax.;1;Abejones
20;Oaxaca;Oax.;2;Acatlan de Perez Figueroa
20;Oaxaca;Oax.;3;Asuncion Cacalotepec
20;Oaxaca;Oax.;4;Asuncion Cuyotepeji
20;Oaxaca;Oax.;5;Asuncion Ixtaltepec
20;Oaxaca;Oax.;6;Asuncion Nochixtlan
20;Oaxaca;Oax.;7;Asuncion Ocotlan
20;Oaxaca;Oax.;8;Asuncion Tlacolulita
20;Oaxaca;Oax.;9;Ayotzintepec
20;Oaxaca;Oax.;10;El Barrio de la Soledad
20;Oaxaca;Oax.;11;Calihuala
20;Oaxaca;Oax.;12;Candelaria Loxicha
20;Oaxaca;Oax.;13;Cienega de Zimatlan
20;Oaxaca;Oax.;14;Ciudad Ixtepec
20;Oaxaca;Oax.;15;Coatecas Altas
20;Oaxaca;Oax.;16;Coicoyan de las Flores
20;Oaxaca;Oax.;17;La Compañia
20;Oaxaca;Oax.;18;Concepcion Buenavista
20;Oaxaca;Oax.;19;Concepcion Papalo
20;Oaxaca;Oax.;20;Constancia del Rosario
20;Oaxaca;Oax.;21;Cosolapa
20;Oaxaca;Oax.;22;Cosoltepec
20;Oaxaca;Oax.;23;Cuilapam de Guerrero
20;Oaxaca;Oax.;24;Cuyamecalco Villa de Zaragoza
20;Oaxaca;Oax.;25;Chahuites
20;Oaxaca;Oax.;26;Chalcatongo de Hidalgo
20;Oaxaca;Oax.;27;Chiquihuitlan de Benito Juarez
20;Oaxaca;Oax.;28;Heroica Ciudad de Ejutla de Crespo
20;Oaxaca;Oax.;29;Eloxochitlan de Flores Magon
20;Oaxaca;Oax.;30;El Espinal
20;Oaxaca;Oax.;31;Tamazulapam del Espiritu Santo
20;Oaxaca;Oax.;32;Fresnillo de Trujano
20;Oaxaca;Oax.;33;Guadalupe Etla
20;Oaxaca;Oax.;34;Guadalupe de Ramirez
20;Oaxaca;Oax.;35;Guelatao de Juarez
20;Oaxaca;Oax.;36;Guevea de Humboldt
20;Oaxaca;Oax.;37;Mesones Hidalgo
20;Oaxaca;Oax.;38;Villa Hidalgo
20;Oaxaca;Oax.;39;Heroica Ciudad de Huajuapan de Leon
20;Oaxaca;Oax.;40;Huautepec
20;Oaxaca;Oax.;41;Huautla de Jimenez
20;Oaxaca;Oax.;42;Ixtlan de Juarez
20;Oaxaca;Oax.;43;Juchitan de Zaragoza
20;Oaxaca;Oax.;44;Loma Bonita
20;Oaxaca;Oax.;45;Magdalena Apasco
20;Oaxaca;Oax.;46;Magdalena Jaltepec
20;Oaxaca;Oax.;47;Santa Magdalena Jicotlan
20;Oaxaca;Oax.;48;Magdalena Mixtepec
20;Oaxaca;Oax.;49;Magdalena Ocotlan
20;Oaxaca;Oax.;50;Magdalena Peñasco
20;Oaxaca;Oax.;51;Magdalena Teitipac
20;Oaxaca;Oax.;52;Magdalena Tequisistlan
20;Oaxaca;Oax.;53;Magdalena Tlacotepec
20;Oaxaca;Oax.;54;Magdalena Zahuatlan
20;Oaxaca;Oax.;55;Mariscala de Juarez
20;Oaxaca;Oax.;56;Martires de Tacubaya
20;Oaxaca;Oax.;57;Matias Romero Avendaño
20;Oaxaca;Oax.;58;Mazatlan Villa de Flores
20;Oaxaca;Oax.;59;Miahuatlan de Porfirio Diaz
20;Oaxaca;Oax.;60;Mixistlan de la Reforma
20;Oaxaca;Oax.;61;Monjas
20;Oaxaca;Oax.;62;Natividad
20;Oaxaca;Oax.;63;Nazareno Etla
20;Oaxaca;Oax.;64;Nejapa de Madero
20;Oaxaca;Oax.;65;Ixpantepec Nieves
20;Oaxaca;Oax.;66;Santiago Niltepec
20;Oaxaca;Oax.;67;Oaxaca de Juarez
20;Oaxaca;Oax.;68;Ocotlan de Morelos
20;Oaxaca;Oax.;69;La Pe
20;Oaxaca;Oax.;70;Pinotepa de Don Luis
20;Oaxaca;Oax.;71;Pluma Hidalgo
20;Oaxaca;Oax.;72;San Jose del Progreso
20;Oaxaca;Oax.;73;Putla Villa de Guerrero
20;Oaxaca;Oax.;74;Santa Catarina Quioquitani
20;Oaxaca;Oax.;75;Reforma de Pineda
20;Oaxaca;Oax.;76;La Reforma
20;Oaxaca;Oax.;77;Reyes Etla
20;Oaxaca;Oax.;78;Rojas de Cuauhtemoc
20;Oaxaca;Oax.;79;Salina Cruz
20;Oaxaca;Oax.;80;San Agustin Amatengo
20;Oaxaca;Oax.;81;San Agustin Atenango
20;Oaxaca;Oax.;82;San Agustin Chayuco
20;Oaxaca;Oax.;83;San Agustin de las Juntas
20;Oaxaca;Oax.;84;San Agustin Etla
20;Oaxaca;Oax.;85;San Agustin Loxicha
20;Oaxaca;Oax.;86;San Agustin Tlacotepec
20;Oaxaca;Oax.;87;San Agustin Yatareni
20;Oaxaca;Oax.;88;San Andres Cabecera Nueva
20;Oaxaca;Oax.;89;San Andres Dinicuiti
20;Oaxaca;Oax.;90;San Andres Huaxpaltepec
20;Oaxaca;Oax.;91;San Andres Huayapam
20;Oaxaca;Oax.;92;San Andres Ixtlahuaca
20;Oaxaca;Oax.;93;San Andres Lagunas
20;Oaxaca;Oax.;94;San Andres Nuxiño
20;Oaxaca;Oax.;95;San Andres Paxtlan
20;Oaxaca;Oax.;96;San Andres Sinaxtla
20;Oaxaca;Oax.;97;San Andres Solaga
20;Oaxaca;Oax.;98;San Andres Teotilalpam
20;Oaxaca;Oax.;99;San Andres Tepetlapa
20;Oaxaca;Oax.;100;San Andres Yaa
20;Oaxaca;Oax.;101;San Andres Zabache
20;Oaxaca;Oax.;102;San Andres Zautla
20;Oaxaca;Oax.;103;San Antonino Castillo Velasco
20;Oaxaca;Oax.;104;San Antonino el Alto
20;Oaxaca;Oax.;105;San Antonino Monte Verde
20;Oaxaca;Oax.;106;San Antonio Acutla
20;Oaxaca;Oax.;107;San Antonio de la Cal
20;Oaxaca;Oax.;108;San Antonio Huitepec
20;Oaxaca;Oax.;109;San Antonio Nanahuatipam
20;Oaxaca;Oax.;110;San Antonio Sinicahua
20;Oaxaca;Oax.;111;San Antonio Tepetlapa
20;Oaxaca;Oax.;112;San Baltazar Chichicapam
20;Oaxaca;Oax.;113;San Baltazar Loxicha
20;Oaxaca;Oax.;114;San Baltazar Yatzachi el Bajo
20;Oaxaca;Oax.;115;San Bartolo Coyotepec
20;Oaxaca;Oax.;116;San Bartolome Ayautla
20;Oaxaca;Oax.;117;San Bartolome Loxicha
20;Oaxaca;Oax.;118;San Bartolome Quialana
20;Oaxaca;Oax.;119;San Bartolome Yucuañe
20;Oaxaca;Oax.;120;San Bartolome Zoogocho
20;Oaxaca;Oax.;121;San Bartolo Soyaltepec
20;Oaxaca;Oax.;122;San Bartolo Yautepec
20;Oaxaca;Oax.;123;San Bernardo Mixtepec
20;Oaxaca;Oax.;124;San Blas Atempa
20;Oaxaca;Oax.;125;San Carlos Yautepec
20;Oaxaca;Oax.;126;San Cristobal Amatlan
20;Oaxaca;Oax.;127;San Cristobal Amoltepec
20;Oaxaca;Oax.;128;San Cristobal Lachirioag
20;Oaxaca;Oax.;129;San Cristobal Suchixtlahuaca
20;Oaxaca;Oax.;130;San Dionisio del Mar
20;Oaxaca;Oax.;131;San Dionisio Ocotepec
20;Oaxaca;Oax.;132;San Dionisio Ocotlan
20;Oaxaca;Oax.;133;San Esteban Atatlahuca
20;Oaxaca;Oax.;134;San Felipe Jalapa de Diaz
20;Oaxaca;Oax.;135;San Felipe Tejalapam
20;Oaxaca;Oax.;136;San Felipe Usila
20;Oaxaca;Oax.;137;San Francisco Cahuacua
20;Oaxaca;Oax.;138;San Francisco Cajonos
20;Oaxaca;Oax.;139;San Francisco Chapulapa
20;Oaxaca;Oax.;140;San Francisco Chindua
20;Oaxaca;Oax.;141;San Francisco del Mar
20;Oaxaca;Oax.;142;San Francisco Huehuetlan
20;Oaxaca;Oax.;143;San Francisco Ixhuatan
20;Oaxaca;Oax.;144;San Francisco Jaltepetongo
20;Oaxaca;Oax.;145;San Francisco Lachigolo
20;Oaxaca;Oax.;146;San Francisco Logueche
20;Oaxaca;Oax.;147;San Francisco Nuxaño
20;Oaxaca;Oax.;148;San Francisco Ozolotepec
20;Oaxaca;Oax.;149;San Francisco Sola
20;Oaxaca;Oax.;150;San Francisco Telixtlahuaca
20;Oaxaca;Oax.;151;San Francisco Teopan
20;Oaxaca;Oax.;152;San Francisco Tlapancingo
20;Oaxaca;Oax.;153;San Gabriel Mixtepec
20;Oaxaca;Oax.;154;San Ildefonso Amatlan
20;Oaxaca;Oax.;155;San Ildefonso Sola
20;Oaxaca;Oax.;156;San Ildefonso Villa Alta
20;Oaxaca;Oax.;157;San Jacinto Amilpas
20;Oaxaca;Oax.;158;San Jacinto Tlacotepec
20;Oaxaca;Oax.;159;San Jeronimo Coatlan
20;Oaxaca;Oax.;160;San Jeronimo Silacayoapilla
20;Oaxaca;Oax.;161;San Jeronimo Sosola
20;Oaxaca;Oax.;162;San Jeronimo Taviche
20;Oaxaca;Oax.;163;San Jeronimo Tecoatl
20;Oaxaca;Oax.;164;San Jorge Nuchita
20;Oaxaca;Oax.;165;San Jose Ayuquila
20;Oaxaca;Oax.;166;San Jose Chiltepec
20;Oaxaca;Oax.;167;San Jose del Peñasco
20;Oaxaca;Oax.;168;San Jose Estancia Grande
20;Oaxaca;Oax.;169;San Jose Independencia
20;Oaxaca;Oax.;170;San Jose Lachiguiri
20;Oaxaca;Oax.;171;San Jose Tenango
20;Oaxaca;Oax.;172;San Juan Achiutla
20;Oaxaca;Oax.;173;San Juan Atepec
20;Oaxaca;Oax.;174;animas Trujano
20;Oaxaca;Oax.;175;San Juan Bautista Atatlahuca
20;Oaxaca;Oax.;176;San Juan Bautista Coixtlahuaca
20;Oaxaca;Oax.;177;San Juan Bautista Cuicatlan
20;Oaxaca;Oax.;178;San Juan Bautista Guelache
20;Oaxaca;Oax.;179;San Juan Bautista Jayacatlan
20;Oaxaca;Oax.;180;San Juan Bautista Lo de Soto
20;Oaxaca;Oax.;181;San Juan Bautista Suchitepec
20;Oaxaca;Oax.;182;San Juan Bautista Tlacoatzintepec
20;Oaxaca;Oax.;183;San Juan Bautista Tlachichilco
20;Oaxaca;Oax.;184;San Juan Bautista Tuxtepec
20;Oaxaca;Oax.;185;San Juan Cacahuatepec
20;Oaxaca;Oax.;186;San Juan Cieneguilla
20;Oaxaca;Oax.;187;San Juan Coatzospam
20;Oaxaca;Oax.;188;San Juan Colorado
20;Oaxaca;Oax.;189;San Juan Comaltepec
20;Oaxaca;Oax.;190;San Juan Cotzocon
20;Oaxaca;Oax.;191;San Juan Chicomezuchil
20;Oaxaca;Oax.;192;San Juan Chilateca
20;Oaxaca;Oax.;193;San Juan del Estado
20;Oaxaca;Oax.;194;San Juan del Rio
20;Oaxaca;Oax.;195;San Juan Diuxi
20;Oaxaca;Oax.;196;San Juan Evangelista Analco
20;Oaxaca;Oax.;197;San Juan Guelavia
20;Oaxaca;Oax.;198;San Juan Guichicovi
20;Oaxaca;Oax.;199;San Juan Ihualtepec
20;Oaxaca;Oax.;200;San Juan Juquila Mixes
20;Oaxaca;Oax.;201;San Juan Juquila Vijanos
20;Oaxaca;Oax.;202;San Juan Lachao
20;Oaxaca;Oax.;203;San Juan Lachigalla
20;Oaxaca;Oax.;204;San Juan Lajarcia
20;Oaxaca;Oax.;205;San Juan Lalana
20;Oaxaca;Oax.;206;San Juan de los Cues
20;Oaxaca;Oax.;207;San Juan Mazatlan
20;Oaxaca;Oax.;208;San Juan Mixtepec
20;Oaxaca;Oax.;209;San Juan Mixtepec -Dto. 26 -
20;Oaxaca;Oax.;210;San Juan Ñumi
20;Oaxaca;Oax.;211;San Juan Ozolotepec
20;Oaxaca;Oax.;212;San Juan Petlapa
20;Oaxaca;Oax.;213;San Juan Quiahije
20;Oaxaca;Oax.;214;San Juan Quiotepec
20;Oaxaca;Oax.;215;San Juan Sayultepec
20;Oaxaca;Oax.;216;San Juan Tabaa
20;Oaxaca;Oax.;217;San Juan Tamazola
20;Oaxaca;Oax.;218;San Juan Teita
20;Oaxaca;Oax.;219;San Juan Teitipac
20;Oaxaca;Oax.;220;San Juan Tepeuxila
20;Oaxaca;Oax.;221;San Juan Teposcolula
20;Oaxaca;Oax.;222;San Juan Yaee
20;Oaxaca;Oax.;223;San Juan Yatzona
20;Oaxaca;Oax.;224;San Juan Yucuita
20;Oaxaca;Oax.;225;San Lorenzo
20;Oaxaca;Oax.;226;San Lorenzo Albarradas
20;Oaxaca;Oax.;227;San Lorenzo Cacaotepec
20;Oaxaca;Oax.;228;San Lorenzo Cuaunecuiltitla
20;Oaxaca;Oax.;229;San Lorenzo Texmelucan
20;Oaxaca;Oax.;230;San Lorenzo Victoria
20;Oaxaca;Oax.;231;San Lucas Camotlan
20;Oaxaca;Oax.;232;San Lucas Ojitlan
20;Oaxaca;Oax.;233;San Lucas Quiavini
20;Oaxaca;Oax.;234;San Lucas Zoquiapam
20;Oaxaca;Oax.;235;San Luis Amatlan
20;Oaxaca;Oax.;236;San Marcial Ozolotepec
20;Oaxaca;Oax.;237;San Marcos Arteaga
20;Oaxaca;Oax.;238;San Martin de los Cansecos
20;Oaxaca;Oax.;239;San Martin Huamelulpam
20;Oaxaca;Oax.;240;San Martin Itunyoso
20;Oaxaca;Oax.;241;San Martin Lachila
20;Oaxaca;Oax.;242;San Martin Peras
20;Oaxaca;Oax.;243;San Martin Tilcajete
20;Oaxaca;Oax.;244;San Martin Toxpalan
20;Oaxaca;Oax.;245;San Martin Zacatepec
20;Oaxaca;Oax.;246;San Mateo Cajonos
20;Oaxaca;Oax.;247;Capulalpam de Mendez
20;Oaxaca;Oax.;248;San Mateo del Mar
20;Oaxaca;Oax.;249;San Mateo Yoloxochitlan
20;Oaxaca;Oax.;250;San Mateo Etlatongo
20;Oaxaca;Oax.;251;San Mateo Nejapam
20;Oaxaca;Oax.;252;San Mateo Peñasco
20;Oaxaca;Oax.;253;San Mateo Piñas
20;Oaxaca;Oax.;254;San Mateo Rio Hondo
20;Oaxaca;Oax.;255;San Mateo Sindihui
20;Oaxaca;Oax.;256;San Mateo Tlapiltepec
20;Oaxaca;Oax.;257;San Melchor Betaza
20;Oaxaca;Oax.;258;San Miguel Achiutla
20;Oaxaca;Oax.;259;San Miguel Ahuehuetitlan
20;Oaxaca;Oax.;260;San Miguel Aloapam
20;Oaxaca;Oax.;261;San Miguel Amatitlan
20;Oaxaca;Oax.;262;San Miguel Amatlan
20;Oaxaca;Oax.;263;San Miguel Coatlan
20;Oaxaca;Oax.;264;San Miguel Chicahua
20;Oaxaca;Oax.;265;San Miguel Chimalapa
20;Oaxaca;Oax.;266;San Miguel del Puerto
20;Oaxaca;Oax.;267;San Miguel del Rio
20;Oaxaca;Oax.;268;San Miguel Ejutla
20;Oaxaca;Oax.;269;San Miguel el Grande
20;Oaxaca;Oax.;270;San Miguel Huautla
20;Oaxaca;Oax.;271;San Miguel Mixtepec
20;Oaxaca;Oax.;272;San Miguel Panixtlahuaca
20;Oaxaca;Oax.;273;San Miguel Peras
20;Oaxaca;Oax.;274;San Miguel Piedras
20;Oaxaca;Oax.;275;San Miguel Quetzaltepec
20;Oaxaca;Oax.;276;San Miguel Santa Flor
20;Oaxaca;Oax.;277;Villa Sola de Vega
20;Oaxaca;Oax.;278;San Miguel Soyaltepec
20;Oaxaca;Oax.;279;San Miguel Suchixtepec
20;Oaxaca;Oax.;280;Villa Talea de Castro
20;Oaxaca;Oax.;281;San Miguel Tecomatlan
20;Oaxaca;Oax.;282;San Miguel Tenango
20;Oaxaca;Oax.;283;San Miguel Tequixtepec
20;Oaxaca;Oax.;284;San Miguel Tilquiapam
20;Oaxaca;Oax.;285;San Miguel Tlacamama
20;Oaxaca;Oax.;286;San Miguel Tlacotepec
20;Oaxaca;Oax.;287;San Miguel Tulancingo
20;Oaxaca;Oax.;288;San Miguel Yotao
20;Oaxaca;Oax.;289;San Nicolas
20;Oaxaca;Oax.;290;San Nicolas Hidalgo
20;Oaxaca;Oax.;291;San Pablo Coatlan
20;Oaxaca;Oax.;292;San Pablo Cuatro Venados
20;Oaxaca;Oax.;293;San Pablo Etla
20;Oaxaca;Oax.;294;San Pablo Huitzo
20;Oaxaca;Oax.;295;San Pablo Huixtepec
20;Oaxaca;Oax.;296;San Pablo Macuiltianguis
20;Oaxaca;Oax.;297;San Pablo Tijaltepec
20;Oaxaca;Oax.;298;San Pablo Villa de Mitla
20;Oaxaca;Oax.;299;San Pablo Yaganiza
20;Oaxaca;Oax.;300;San Pedro Amuzgos
20;Oaxaca;Oax.;301;San Pedro Apostol
20;Oaxaca;Oax.;302;San Pedro Atoyac
20;Oaxaca;Oax.;303;San Pedro Cajonos
20;Oaxaca;Oax.;304;San Pedro Coxcaltepec Cantaros
20;Oaxaca;Oax.;305;San Pedro Comitancillo
20;Oaxaca;Oax.;306;San Pedro el Alto
20;Oaxaca;Oax.;307;San Pedro Huamelula
20;Oaxaca;Oax.;308;San Pedro Huilotepec
20;Oaxaca;Oax.;309;San Pedro Ixcatlan
20;Oaxaca;Oax.;310;San Pedro Ixtlahuaca
20;Oaxaca;Oax.;311;San Pedro Jaltepetongo
20;Oaxaca;Oax.;312;San Pedro Jicayan
20;Oaxaca;Oax.;313;San Pedro Jocotipac
20;Oaxaca;Oax.;314;San Pedro Juchatengo
20;Oaxaca;Oax.;315;San Pedro Martir
20;Oaxaca;Oax.;316;San Pedro Martir Quiechapa
20;Oaxaca;Oax.;317;San Pedro Martir Yucuxaco
20;Oaxaca;Oax.;318;San Pedro Mixtepec
20;Oaxaca;Oax.;319;San Pedro Mixtepec -Dto. 26 -
20;Oaxaca;Oax.;320;San Pedro Molinos
20;Oaxaca;Oax.;321;San Pedro Nopala
20;Oaxaca;Oax.;322;San Pedro Ocopetatillo
20;Oaxaca;Oax.;323;San Pedro Ocotepec
20;Oaxaca;Oax.;324;San Pedro Pochutla
20;Oaxaca;Oax.;325;San Pedro Quiatoni
20;Oaxaca;Oax.;326;San Pedro Sochiapam
20;Oaxaca;Oax.;327;San Pedro Tapanatepec
20;Oaxaca;Oax.;328;San Pedro Taviche
20;Oaxaca;Oax.;329;San Pedro Teozacoalco
20;Oaxaca;Oax.;330;San Pedro Teutila
20;Oaxaca;Oax.;331;San Pedro Tidaa
20;Oaxaca;Oax.;332;San Pedro Topiltepec
20;Oaxaca;Oax.;333;San Pedro Totolapa
20;Oaxaca;Oax.;334;Villa de Tututepec de Melchor Ocampo
20;Oaxaca;Oax.;335;San Pedro Yaneri
20;Oaxaca;Oax.;336;San Pedro Yolox
20;Oaxaca;Oax.;337;San Pedro y San Pablo Ayutla
20;Oaxaca;Oax.;338;Villa de Etla
20;Oaxaca;Oax.;339;San Pedro y San Pablo Teposcolula
20;Oaxaca;Oax.;340;San Pedro y San Pablo Tequixtepec
20;Oaxaca;Oax.;341;San Pedro Yucunama
20;Oaxaca;Oax.;342;San Raymundo Jalpan
20;Oaxaca;Oax.;343;San Sebastian Abasolo
20;Oaxaca;Oax.;344;San Sebastian Coatlan
20;Oaxaca;Oax.;345;San Sebastian Ixcapa
20;Oaxaca;Oax.;346;San Sebastian Nicananduta
20;Oaxaca;Oax.;347;San Sebastian Rio Hondo
20;Oaxaca;Oax.;348;San Sebastian Tecomaxtlahuaca
20;Oaxaca;Oax.;349;San Sebastian Teitipac
20;Oaxaca;Oax.;350;San Sebastian Tutla
20;Oaxaca;Oax.;351;San Simon Almolongas
20;Oaxaca;Oax.;352;San Simon Zahuatlan
20;Oaxaca;Oax.;353;Santa Ana
20;Oaxaca;Oax.;354;Santa Ana Ateixtlahuaca
20;Oaxaca;Oax.;355;Santa Ana Cuauhtemoc
20;Oaxaca;Oax.;356;Santa Ana del Valle
20;Oaxaca;Oax.;357;Santa Ana Tavela
20;Oaxaca;Oax.;358;Santa Ana Tlapacoyan
20;Oaxaca;Oax.;359;Santa Ana Yareni
20;Oaxaca;Oax.;360;Santa Ana Zegache
20;Oaxaca;Oax.;361;Santa Catalina Quieri
20;Oaxaca;Oax.;362;Santa Catarina Cuixtla
20;Oaxaca;Oax.;363;Santa Catarina Ixtepeji
20;Oaxaca;Oax.;364;Santa Catarina Juquila
20;Oaxaca;Oax.;365;Santa Catarina Lachatao
20;Oaxaca;Oax.;366;Santa Catarina Loxicha
20;Oaxaca;Oax.;367;Santa Catarina Mechoacan
20;Oaxaca;Oax.;368;Santa Catarina Minas
20;Oaxaca;Oax.;369;Santa Catarina Quiane
20;Oaxaca;Oax.;370;Santa Catarina Tayata
20;Oaxaca;Oax.;371;Santa Catarina Ticua
20;Oaxaca;Oax.;372;Santa Catarina Yosonotu
20;Oaxaca;Oax.;373;Santa Catarina Zapoquila
20;Oaxaca;Oax.;374;Santa Cruz Acatepec
20;Oaxaca;Oax.;375;Santa Cruz Amilpas
20;Oaxaca;Oax.;376;Santa Cruz de Bravo
20;Oaxaca;Oax.;377;Santa Cruz Itundujia
20;Oaxaca;Oax.;378;Santa Cruz Mixtepec
20;Oaxaca;Oax.;379;Santa Cruz Nundaco
20;Oaxaca;Oax.;380;Santa Cruz Papalutla
20;Oaxaca;Oax.;381;Santa Cruz Tacache de Mina
20;Oaxaca;Oax.;382;Santa Cruz Tacahua
20;Oaxaca;Oax.;383;Santa Cruz Tayata
20;Oaxaca;Oax.;384;Santa Cruz Xitla
20;Oaxaca;Oax.;385;Santa Cruz Xoxocotlan
20;Oaxaca;Oax.;386;Santa Cruz Zenzontepec
20;Oaxaca;Oax.;387;Santa Gertrudis
20;Oaxaca;Oax.;388;Santa Ines del Monte
20;Oaxaca;Oax.;389;Santa Ines Yatzeche
20;Oaxaca;Oax.;390;Santa Lucia del Camino
20;Oaxaca;Oax.;391;Santa Lucia Miahuatlan
20;Oaxaca;Oax.;392;Santa Lucia Monteverde
20;Oaxaca;Oax.;393;Santa Lucia Ocotlan
20;Oaxaca;Oax.;394;Santa Maria Alotepec
20;Oaxaca;Oax.;395;Santa Maria Apazco
20;Oaxaca;Oax.;396;Santa Maria la Asuncion
20;Oaxaca;Oax.;397;Heroica Ciudad de Tlaxiaco
20;Oaxaca;Oax.;398;Ayoquezco de Aldama
20;Oaxaca;Oax.;399;Santa Maria Atzompa
20;Oaxaca;Oax.;400;Santa Maria Camotlan
20;Oaxaca;Oax.;401;Santa Maria Colotepec
20;Oaxaca;Oax.;402;Santa Maria Cortijo
20;Oaxaca;Oax.;403;Santa Maria Coyotepec
20;Oaxaca;Oax.;404;Santa Maria Chachoapam
20;Oaxaca;Oax.;405;Villa de Chilapa de Diaz
20;Oaxaca;Oax.;406;Santa Maria Chilchotla
20;Oaxaca;Oax.;407;Santa Maria Chimalapa
20;Oaxaca;Oax.;408;Santa Maria del Rosario
20;Oaxaca;Oax.;409;Santa Maria del Tule
20;Oaxaca;Oax.;410;Santa Maria Ecatepec
20;Oaxaca;Oax.;411;Santa Maria Guelace
20;Oaxaca;Oax.;412;Santa Maria Guienagati
20;Oaxaca;Oax.;413;Santa Maria Huatulco
20;Oaxaca;Oax.;414;Santa Maria Huazolotitlan
20;Oaxaca;Oax.;415;Santa Maria Ipalapa
20;Oaxaca;Oax.;416;Santa Maria Ixcatlan
20;Oaxaca;Oax.;417;Santa Maria Jacatepec
20;Oaxaca;Oax.;418;Santa Maria Jalapa del Marques
20;Oaxaca;Oax.;419;Santa Maria Jaltianguis
20;Oaxaca;Oax.;420;Santa Maria Lachixio
20;Oaxaca;Oax.;421;Santa Maria Mixtequilla
20;Oaxaca;Oax.;422;Santa Maria Nativitas
20;Oaxaca;Oax.;423;Santa Maria Nduayaco
20;Oaxaca;Oax.;424;Santa Maria Ozolotepec
20;Oaxaca;Oax.;425;Santa Maria Papalo
20;Oaxaca;Oax.;426;Santa Maria Peñoles
20;Oaxaca;Oax.;427;Santa Maria Petapa
20;Oaxaca;Oax.;428;Santa Maria Quiegolani
20;Oaxaca;Oax.;429;Santa Maria Sola
20;Oaxaca;Oax.;430;Santa Maria Tataltepec
20;Oaxaca;Oax.;431;Santa Maria Tecomavaca
20;Oaxaca;Oax.;432;Santa Maria Temaxcalapa
20;Oaxaca;Oax.;433;Santa Maria Temaxcaltepec
20;Oaxaca;Oax.;434;Santa Maria Teopoxco
20;Oaxaca;Oax.;435;Santa Maria Tepantlali
20;Oaxaca;Oax.;436;Santa Maria Texcatitlan
20;Oaxaca;Oax.;437;Santa Maria Tlahuitoltepec
20;Oaxaca;Oax.;438;Santa Maria Tlalixtac
20;Oaxaca;Oax.;439;Santa Maria Tonameca
20;Oaxaca;Oax.;440;Santa Maria Totolapilla
20;Oaxaca;Oax.;441;Santa Maria Xadani
20;Oaxaca;Oax.;442;Santa Maria Yalina
20;Oaxaca;Oax.;443;Santa Maria Yavesia
20;Oaxaca;Oax.;444;Santa Maria Yolotepec
20;Oaxaca;Oax.;445;Santa Maria Yosoyua
20;Oaxaca;Oax.;446;Santa Maria Yucuhiti
20;Oaxaca;Oax.;447;Santa Maria Zacatepec
20;Oaxaca;Oax.;448;Santa Maria Zaniza
20;Oaxaca;Oax.;449;Santa Maria Zoquitlan
20;Oaxaca;Oax.;450;Santiago Amoltepec
20;Oaxaca;Oax.;451;Santiago Apoala
20;Oaxaca;Oax.;452;Santiago Apostol
20;Oaxaca;Oax.;453;Santiago Astata
20;Oaxaca;Oax.;454;Santiago Atitlan
20;Oaxaca;Oax.;455;Santiago Ayuquililla
20;Oaxaca;Oax.;456;Santiago Cacaloxtepec
20;Oaxaca;Oax.;457;Santiago Camotlan
20;Oaxaca;Oax.;458;Santiago Comaltepec
20;Oaxaca;Oax.;459;Santiago Chazumba
20;Oaxaca;Oax.;460;Santiago Choapam
20;Oaxaca;Oax.;461;Santiago del Rio
20;Oaxaca;Oax.;462;Santiago Huajolotitlan
20;Oaxaca;Oax.;463;Santiago Huauclilla
20;Oaxaca;Oax.;464;Santiago Ihuitlan Plumas
20;Oaxaca;Oax.;465;Santiago Ixcuintepec
20;Oaxaca;Oax.;466;Santiago Ixtayutla
20;Oaxaca;Oax.;467;Santiago Jamiltepec
20;Oaxaca;Oax.;468;Santiago Jocotepec
20;Oaxaca;Oax.;469;Santiago Juxtlahuaca
20;Oaxaca;Oax.;470;Santiago Lachiguiri
20;Oaxaca;Oax.;471;Santiago Lalopa
20;Oaxaca;Oax.;472;Santiago Laollaga
20;Oaxaca;Oax.;473;Santiago Laxopa
20;Oaxaca;Oax.;474;Santiago Llano Grande
20;Oaxaca;Oax.;475;Santiago Matatlan
20;Oaxaca;Oax.;476;Santiago Miltepec
20;Oaxaca;Oax.;477;Santiago Minas
20;Oaxaca;Oax.;478;Santiago Nacaltepec
20;Oaxaca;Oax.;479;Santiago Nejapilla
20;Oaxaca;Oax.;480;Santiago Nundiche
20;Oaxaca;Oax.;481;Santiago Nuyoo
20;Oaxaca;Oax.;482;Santiago Pinotepa Nacional
20;Oaxaca;Oax.;483;Santiago Suchilquitongo
20;Oaxaca;Oax.;484;Santiago Tamazola
20;Oaxaca;Oax.;485;Santiago Tapextla
20;Oaxaca;Oax.;486;Villa Tejupam de la Union
20;Oaxaca;Oax.;487;Santiago Tenango
20;Oaxaca;Oax.;488;Santiago Tepetlapa
20;Oaxaca;Oax.;489;Santiago Tetepec
20;Oaxaca;Oax.;490;Santiago Texcalcingo
20;Oaxaca;Oax.;491;Santiago Textitlan
20;Oaxaca;Oax.;492;Santiago Tilantongo
20;Oaxaca;Oax.;493;Santiago Tillo
20;Oaxaca;Oax.;494;Santiago Tlazoyaltepec
20;Oaxaca;Oax.;495;Santiago Xanica
20;Oaxaca;Oax.;496;Santiago Xiacui
20;Oaxaca;Oax.;497;Santiago Yaitepec
20;Oaxaca;Oax.;498;Santiago Yaveo
20;Oaxaca;Oax.;499;Santiago Yolomecatl
20;Oaxaca;Oax.;500;Santiago Yosondua
20;Oaxaca;Oax.;501;Santiago Yucuyachi
20;Oaxaca;Oax.;502;Santiago Zacatepec
20;Oaxaca;Oax.;503;Santiago Zoochila
20;Oaxaca;Oax.;504;Nuevo Zoquiapam
20;Oaxaca;Oax.;505;Santo Domingo Ingenio
20;Oaxaca;Oax.;506;Santo Domingo Albarradas
20;Oaxaca;Oax.;507;Santo Domingo Armenta
20;Oaxaca;Oax.;508;Santo Domingo Chihuitan
20;Oaxaca;Oax.;509;Santo Domingo de Morelos
20;Oaxaca;Oax.;510;Santo Domingo Ixcatlan
20;Oaxaca;Oax.;511;Santo Domingo Nuxaa
20;Oaxaca;Oax.;512;Santo Domingo Ozolotepec
20;Oaxaca;Oax.;513;Santo Domingo Petapa
20;Oaxaca;Oax.;514;Santo Domingo Roayaga
20;Oaxaca;Oax.;515;Santo Domingo Tehuantepec
20;Oaxaca;Oax.;516;Santo Domingo Teojomulco
20;Oaxaca;Oax.;517;Santo Domingo Tepuxtepec
20;Oaxaca;Oax.;518;Santo Domingo Tlatayapam
20;Oaxaca;Oax.;519;Santo Domingo Tomaltepec
20;Oaxaca;Oax.;520;Santo Domingo Tonala
20;Oaxaca;Oax.;521;Santo Domingo Tonaltepec
20;Oaxaca;Oax.;522;Santo Domingo Xagacia
20;Oaxaca;Oax.;523;Santo Domingo Yanhuitlan
20;Oaxaca;Oax.;524;Santo Domingo Yodohino
20;Oaxaca;Oax.;525;Santo Domingo Zanatepec
20;Oaxaca;Oax.;526;Santos Reyes Nopala
20;Oaxaca;Oax.;527;Santos Reyes Papalo
20;Oaxaca;Oax.;528;Santos Reyes Tepejillo
20;Oaxaca;Oax.;529;Santos Reyes Yucuna
20;Oaxaca;Oax.;530;Santo Tomas Jalieza
20;Oaxaca;Oax.;531;Santo Tomas Mazaltepec
20;Oaxaca;Oax.;532;Santo Tomas Ocotepec
20;Oaxaca;Oax.;533;Santo Tomas Tamazulapan
20;Oaxaca;Oax.;534;San Vicente Coatlan
20;Oaxaca;Oax.;535;San Vicente Lachixio
20;Oaxaca;Oax.;536;San Vicente Nuñu
20;Oaxaca;Oax.;537;Silacayoapam
20;Oaxaca;Oax.;538;Sitio de Xitlapehua
20;Oaxaca;Oax.;539;Soledad Etla
20;Oaxaca;Oax.;540;Villa de Tamazulapam del Progreso
20;Oaxaca;Oax.;541;Tanetze de Zaragoza
20;Oaxaca;Oax.;542;Taniche
20;Oaxaca;Oax.;543;Tataltepec de Valdes
20;Oaxaca;Oax.;544;Teococuilco de Marcos Perez
20;Oaxaca;Oax.;545;Teotitlan de Flores Magon
20;Oaxaca;Oax.;546;Teotitlan del Valle
20;Oaxaca;Oax.;547;Teotongo
20;Oaxaca;Oax.;548;Tepelmeme Villa de Morelos
20;Oaxaca;Oax.;549;Tezoatlan de Segura y Luna
20;Oaxaca;Oax.;550;San Jeronimo Tlacochahuaya
20;Oaxaca;Oax.;551;Tlacolula de Matamoros
20;Oaxaca;Oax.;552;Tlacotepec Plumas
20;Oaxaca;Oax.;553;Tlalixtac de Cabrera
20;Oaxaca;Oax.;554;Totontepec Villa de Morelos
20;Oaxaca;Oax.;555;Trinidad Zaachila
20;Oaxaca;Oax.;556;La Trinidad Vista Hermosa
20;Oaxaca;Oax.;557;Union Hidalgo
20;Oaxaca;Oax.;558;Valerio Trujano
20;Oaxaca;Oax.;559;San Juan Bautista Valle Nacional
20;Oaxaca;Oax.;560;Villa Diaz Ordaz
20;Oaxaca;Oax.;561;Yaxe
20;Oaxaca;Oax.;562;Magdalena Yodocono de Porfirio Diaz
20;Oaxaca;Oax.;563;Yogana
20;Oaxaca;Oax.;564;Yutanduchi de Guerrero
20;Oaxaca;Oax.;565;Villa de Zaachila
20;Oaxaca;Oax.;566;zapotitlan del rio
20;Oaxaca;Oax.;567;Zapotitlan Lagunas
20;Oaxaca;Oax.;568;Zapotitlan Palmas
20;Oaxaca;Oax.;569;Santa Ines de Zaragoza
20;Oaxaca;Oax.;570;Zimatlan de alvarez
21;Puebla;Pue.;1;Acajete
21;Puebla;Pue.;2;Acateno
21;Puebla;Pue.;3;Acatlan
21;Puebla;Pue.;4;Acatzingo
21;Puebla;Pue.;5;Acteopan
21;Puebla;Pue.;6;Ahuacatlan
21;Puebla;Pue.;7;Ahuatlan
21;Puebla;Pue.;8;Ahuazotepec
21;Puebla;Pue.;9;Ahuehuetitla
21;Puebla;Pue.;10;Ajalpan
21;Puebla;Pue.;11;Albino Zertuche
21;Puebla;Pue.;12;Aljojuca
21;Puebla;Pue.;13;Altepexi
21;Puebla;Pue.;14;Amixtlan
21;Puebla;Pue.;15;Amozoc
21;Puebla;Pue.;16;Aquixtla
21;Puebla;Pue.;17;Atempan
21;Puebla;Pue.;18;Atexcal
21;Puebla;Pue.;19;Atlixco
21;Puebla;Pue.;20;Atoyatempan
21;Puebla;Pue.;21;Atzala
21;Puebla;Pue.;22;Atzitzihuacan
21;Puebla;Pue.;23;Atzitzintla
21;Puebla;Pue.;24;Axutla
21;Puebla;Pue.;25;Ayotoxco de Guerrero
21;Puebla;Pue.;26;Calpan
21;Puebla;Pue.;27;Caltepec
21;Puebla;Pue.;28;Camocuautla
21;Puebla;Pue.;29;Caxhuacan
21;Puebla;Pue.;30;Coatepec
21;Puebla;Pue.;31;Coatzingo
21;Puebla;Pue.;32;Cohetzala
21;Puebla;Pue.;33;Cohuecan
21;Puebla;Pue.;34;Coronango
21;Puebla;Pue.;35;Coxcatlan
21;Puebla;Pue.;36;Coyomeapan
21;Puebla;Pue.;37;Coyotepec
21;Puebla;Pue.;38;Cuapiaxtla de Madero
21;Puebla;Pue.;39;Cuautempan
21;Puebla;Pue.;40;Cuautinchan
21;Puebla;Pue.;41;Cuautlancingo
21;Puebla;Pue.;42;Cuayuca de Andrade
21;Puebla;Pue.;43;Cuetzalan del Progreso
21;Puebla;Pue.;44;Cuyoaco
21;Puebla;Pue.;45;Chalchicomula de Sesma
21;Puebla;Pue.;46;Chapulco
21;Puebla;Pue.;47;Chiautla
21;Puebla;Pue.;48;Chiautzingo
21;Puebla;Pue.;49;Chiconcuautla
21;Puebla;Pue.;50;Chichiquila
21;Puebla;Pue.;51;Chietla
21;Puebla;Pue.;52;Chigmecatitlan
21;Puebla;Pue.;53;Chignahuapan
21;Puebla;Pue.;54;Chignautla
21;Puebla;Pue.;55;Chila
21;Puebla;Pue.;56;Chila de la Sal
21;Puebla;Pue.;57;Honey
21;Puebla;Pue.;58;Chilchotla
21;Puebla;Pue.;59;Chinantla
21;Puebla;Pue.;60;Domingo Arenas
21;Puebla;Pue.;61;Eloxochitlan
21;Puebla;Pue.;62;Epatlan
21;Puebla;Pue.;63;Esperanza
21;Puebla;Pue.;64;Francisco Z. Mena
21;Puebla;Pue.;65;General Felipe angeles
21;Puebla;Pue.;66;Guadalupe
21;Puebla;Pue.;67;Guadalupe Victoria
21;Puebla;Pue.;68;Hermenegildo Galeana
21;Puebla;Pue.;69;Huaquechula
21;Puebla;Pue.;70;Huatlatlauca
21;Puebla;Pue.;71;Huauchinango
21;Puebla;Pue.;72;Huehuetla
21;Puebla;Pue.;73;Huehuetlan el Chico
21;Puebla;Pue.;74;Huejotzingo
21;Puebla;Pue.;75;Hueyapan
21;Puebla;Pue.;76;Hueytamalco
21;Puebla;Pue.;77;Hueytlalpan
21;Puebla;Pue.;78;Huitzilan de Serdan
21;Puebla;Pue.;79;Huitziltepec
21;Puebla;Pue.;80;Atlequizayan
21;Puebla;Pue.;81;Ixcamilpa de Guerrero
21;Puebla;Pue.;82;Ixcaquixtla
21;Puebla;Pue.;83;Ixtacamaxtitlan
21;Puebla;Pue.;84;Ixtepec
21;Puebla;Pue.;85;Izucar de Matamoros
21;Puebla;Pue.;86;Jalpan
21;Puebla;Pue.;87;Jolalpan
21;Puebla;Pue.;88;Jonotla
21;Puebla;Pue.;89;Jopala
21;Puebla;Pue.;90;Juan C. Bonilla
21;Puebla;Pue.;91;Juan Galindo
21;Puebla;Pue.;92;Juan N. Mendez
21;Puebla;Pue.;93;Lafragua
21;Puebla;Pue.;94;Libres
21;Puebla;Pue.;95;La Magdalena Tlatlauquitepec
21;Puebla;Pue.;96;Mazapiltepec de Juarez
21;Puebla;Pue.;97;Mixtla
21;Puebla;Pue.;98;Molcaxac
21;Puebla;Pue.;99;Cañada Morelos
21;Puebla;Pue.;100;Naupan
21;Puebla;Pue.;101;Nauzontla
21;Puebla;Pue.;102;Nealtican
21;Puebla;Pue.;103;Nicolas Bravo
21;Puebla;Pue.;104;Nopalucan
21;Puebla;Pue.;105;Ocotepec
21;Puebla;Pue.;106;Ocoyucan
21;Puebla;Pue.;107;Olintla
21;Puebla;Pue.;108;Oriental
21;Puebla;Pue.;109;Pahuatlan
21;Puebla;Pue.;110;Palmar de Bravo
21;Puebla;Pue.;111;Pantepec
21;Puebla;Pue.;112;Petlalcingo
21;Puebla;Pue.;113;Piaxtla
21;Puebla;Pue.;114;Puebla
21;Puebla;Pue.;115;Quecholac
21;Puebla;Pue.;116;Quimixtlan
21;Puebla;Pue.;117;Rafael Lara Grajales
21;Puebla;Pue.;118;Los Reyes de Juarez
21;Puebla;Pue.;119;San Andres Cholula
21;Puebla;Pue.;120;San Antonio Cañada
21;Puebla;Pue.;121;San Diego la Mesa Tochimiltzingo
21;Puebla;Pue.;122;San Felipe Teotlalcingo
21;Puebla;Pue.;123;San Felipe Tepatlan
21;Puebla;Pue.;124;San Gabriel Chilac
21;Puebla;Pue.;125;San Gregorio Atzompa
21;Puebla;Pue.;126;San Jeronimo Tecuanipan
21;Puebla;Pue.;127;San Jeronimo Xayacatlan
21;Puebla;Pue.;128;San Jose Chiapa
21;Puebla;Pue.;129;San Jose Miahuatlan
21;Puebla;Pue.;130;San Juan Atenco
21;Puebla;Pue.;131;San Juan Atzompa
21;Puebla;Pue.;132;San Martin Texmelucan
21;Puebla;Pue.;133;San Martin Totoltepec
21;Puebla;Pue.;134;San Matias Tlalancaleca
21;Puebla;Pue.;135;San Miguel Ixitlan
21;Puebla;Pue.;136;San Miguel Xoxtla
21;Puebla;Pue.;137;San Nicolas Buenos Aires
21;Puebla;Pue.;138;San Nicolas de los Ranchos
21;Puebla;Pue.;139;San Pablo Anicano
21;Puebla;Pue.;140;San Pedro Cholula
21;Puebla;Pue.;141;San Pedro Yeloixtlahuaca
21;Puebla;Pue.;142;San Salvador el Seco
21;Puebla;Pue.;143;San Salvador el Verde
21;Puebla;Pue.;144;San Salvador Huixcolotla
21;Puebla;Pue.;145;San Sebastian Tlacotepec
21;Puebla;Pue.;146;Santa Catarina Tlaltempan
21;Puebla;Pue.;147;Santa Ines Ahuatempan
21;Puebla;Pue.;148;Santa Isabel Cholula
21;Puebla;Pue.;149;Santiago Miahuatlan
21;Puebla;Pue.;150;Huehuetlan el Grande
21;Puebla;Pue.;151;Santo Tomas Hueyotlipan
21;Puebla;Pue.;152;Soltepec
21;Puebla;Pue.;153;Tecali de Herrera
21;Puebla;Pue.;154;Tecamachalco
21;Puebla;Pue.;155;Tecomatlan
21;Puebla;Pue.;156;Tehuacan
21;Puebla;Pue.;157;Tehuitzingo
21;Puebla;Pue.;158;Tenampulco
21;Puebla;Pue.;159;Teopantlan
21;Puebla;Pue.;160;Teotlalco
21;Puebla;Pue.;161;Tepanco de Lopez
21;Puebla;Pue.;162;Tepango de Rodriguez
21;Puebla;Pue.;163;Tepatlaxco de Hidalgo
21;Puebla;Pue.;164;Tepeaca
21;Puebla;Pue.;165;Tepemaxalco
21;Puebla;Pue.;166;Tepeojuma
21;Puebla;Pue.;167;Tepetzintla
21;Puebla;Pue.;168;Tepexco
21;Puebla;Pue.;169;Tepexi de Rodriguez
21;Puebla;Pue.;170;Tepeyahualco
21;Puebla;Pue.;171;Tepeyahualco de Cuauhtemoc
21;Puebla;Pue.;172;Tetela de Ocampo
21;Puebla;Pue.;173;Teteles de Avila Castillo
21;Puebla;Pue.;174;Teziutlan
21;Puebla;Pue.;175;Tianguismanalco
21;Puebla;Pue.;176;Tilapa
21;Puebla;Pue.;177;Tlacotepec de Benito Juarez
21;Puebla;Pue.;178;Tlacuilotepec
21;Puebla;Pue.;179;Tlachichuca
21;Puebla;Pue.;180;Tlahuapan
21;Puebla;Pue.;181;Tlaltenango
21;Puebla;Pue.;182;Tlanepantla
21;Puebla;Pue.;183;Tlaola
21;Puebla;Pue.;184;Tlapacoya
21;Puebla;Pue.;185;Tlapanala
21;Puebla;Pue.;186;Tlatlauquitepec
21;Puebla;Pue.;187;Tlaxco
21;Puebla;Pue.;188;Tochimilco
21;Puebla;Pue.;189;Tochtepec
21;Puebla;Pue.;190;Totoltepec de Guerrero
21;Puebla;Pue.;191;Tulcingo
21;Puebla;Pue.;192;Tuzamapan de Galeana
21;Puebla;Pue.;193;Tzicatlacoyan
21;Puebla;Pue.;194;Venustiano Carranza
21;Puebla;Pue.;195;Vicente Guerrero
21;Puebla;Pue.;196;Xayacatlan de Bravo
21;Puebla;Pue.;197;Xicotepec
21;Puebla;Pue.;198;Xicotlan
21;Puebla;Pue.;199;Xiutetelco
21;Puebla;Pue.;200;Xochiapulco
21;Puebla;Pue.;201;Xochiltepec
21;Puebla;Pue.;202;Xochitlan de Vicente Suarez
21;Puebla;Pue.;203;Xochitlan Todos Santos
21;Puebla;Pue.;204;Yaonahuac
21;Puebla;Pue.;205;Yehualtepec
21;Puebla;Pue.;206;Zacapala
21;Puebla;Pue.;207;Zacapoaxtla
21;Puebla;Pue.;208;Zacatlan
21;Puebla;Pue.;209;Zapotitlan
21;Puebla;Pue.;210;Zapotitlan de Mendez
21;Puebla;Pue.;211;Zaragoza
21;Puebla;Pue.;212;Zautla
21;Puebla;Pue.;213;Zihuateutla
21;Puebla;Pue.;214;Zinacatepec
21;Puebla;Pue.;215;Zongozotla
21;Puebla;Pue.;216;Zoquiapan
21;Puebla;Pue.;217;Zoquitlan
22;Queretaro;Qro.;1;Amealco de Bonfil
22;Queretaro;Qro.;2;Pinal de Amoles
22;Queretaro;Qro.;3;Arroyo Seco
22;Queretaro;Qro.;4;Cadereyta de Montes
22;Queretaro;Qro.;5;Colon
22;Queretaro;Qro.;6;Corregidora
22;Queretaro;Qro.;7;Ezequiel Montes
22;Queretaro;Qro.;8;Huimilpan
22;Queretaro;Qro.;9;Jalpan de Serra
22;Queretaro;Qro.;10;Landa de Matamoros
22;Queretaro;Qro.;11;El Marques
22;Queretaro;Qro.;12;Pedro Escobedo
22;Queretaro;Qro.;13;Peñamiller
22;Queretaro;Qro.;14;Queretaro
22;Queretaro;Qro.;15;San Joaquin
22;Queretaro;Qro.;16;San Juan del Rio
22;Queretaro;Qro.;17;Tequisquiapan
22;Queretaro;Qro.;18;Toliman
23;Quintana Roo;Q. Roo;1;Cozumel
23;Quintana Roo;Q. Roo;2;Felipe Carrillo Puerto
23;Quintana Roo;Q. Roo;3;Isla Mujeres
23;Quintana Roo;Q. Roo;4;Othon P. Blanco
23;Quintana Roo;Q. Roo;5;Benito Juarez
23;Quintana Roo;Q. Roo;6;Jose Maria Morelos
23;Quintana Roo;Q. Roo;7;Lazaro Cardenas
23;Quintana Roo;Q. Roo;8;Solidaridad
23;Quintana Roo;Q. Roo;9;Tulum
23;Quintana Roo;Q. Roo;10;Bacalar
24;San Luis Potosi;SLP;1;Ahualulco
24;San Luis Potosi;SLP;2;Alaquines
24;San Luis Potosi;SLP;3;Aquismon
24;San Luis Potosi;SLP;4;Armadillo de los Infante
24;San Luis Potosi;SLP;5;Cardenas
24;San Luis Potosi;SLP;6;Catorce
24;San Luis Potosi;SLP;7;Cedral
24;San Luis Potosi;SLP;8;Cerritos
24;San Luis Potosi;SLP;9;Cerro de San Pedro
24;San Luis Potosi;SLP;10;Ciudad del Maiz
24;San Luis Potosi;SLP;11;Ciudad Fernandez
24;San Luis Potosi;SLP;12;Tancanhuitz
24;San Luis Potosi;SLP;13;Ciudad Valles
24;San Luis Potosi;SLP;14;Coxcatlan
24;San Luis Potosi;SLP;15;Charcas
24;San Luis Potosi;SLP;16;Ebano
24;San Luis Potosi;SLP;17;Guadalcazar
24;San Luis Potosi;SLP;18;Huehuetlan
24;San Luis Potosi;SLP;19;Lagunillas
24;San Luis Potosi;SLP;20;Matehuala
24;San Luis Potosi;SLP;21;Mexquitic de Carmona
24;San Luis Potosi;SLP;22;Moctezuma
24;San Luis Potosi;SLP;23;Rayon
24;San Luis Potosi;SLP;24;Rioverde
24;San Luis Potosi;SLP;25;Salinas
24;San Luis Potosi;SLP;26;San Antonio
24;San Luis Potosi;SLP;27;San Ciro de Acosta
24;San Luis Potosi;SLP;28;San Luis Potosi
24;San Luis Potosi;SLP;29;San Martin Chalchicuautla
24;San Luis Potosi;SLP;30;San Nicolas Tolentino
24;San Luis Potosi;SLP;31;Santa Catarina
24;San Luis Potosi;SLP;32;Santa Maria del Rio
24;San Luis Potosi;SLP;33;Santo Domingo
24;San Luis Potosi;SLP;34;San Vicente Tancuayalab
24;San Luis Potosi;SLP;35;Soledad de Graciano Sanchez
24;San Luis Potosi;SLP;36;Tamasopo
24;San Luis Potosi;SLP;37;Tamazunchale
24;San Luis Potosi;SLP;38;Tampacan
24;San Luis Potosi;SLP;39;Tampamolon Corona
24;San Luis Potosi;SLP;40;Tamuin
24;San Luis Potosi;SLP;41;Tanlajas
24;San Luis Potosi;SLP;42;Tanquian de Escobedo
24;San Luis Potosi;SLP;43;Tierra Nueva
24;San Luis Potosi;SLP;44;Vanegas
24;San Luis Potosi;SLP;45;Venado
24;San Luis Potosi;SLP;46;Villa de Arriaga
24;San Luis Potosi;SLP;47;Villa de Guadalupe
24;San Luis Potosi;SLP;48;Villa de la Paz
24;San Luis Potosi;SLP;49;Villa de Ramos
24;San Luis Potosi;SLP;50;Villa de Reyes
24;San Luis Potosi;SLP;51;Villa Hidalgo
24;San Luis Potosi;SLP;52;Villa Juarez
24;San Luis Potosi;SLP;53;Axtla de Terrazas
24;San Luis Potosi;SLP;54;Xilitla
24;San Luis Potosi;SLP;55;Zaragoza
24;San Luis Potosi;SLP;56;Villa de Arista
24;San Luis Potosi;SLP;57;Matlapa
24;San Luis Potosi;SLP;58;El Naranjo
25;Sinaloa;Sin.;1;Ahome
25;Sinaloa;Sin.;2;Angostura
25;Sinaloa;Sin.;3;Badiraguato
25;Sinaloa;Sin.;4;Concordia
25;Sinaloa;Sin.;5;Cosala
25;Sinaloa;Sin.;6;Culiacan
25;Sinaloa;Sin.;7;Choix
25;Sinaloa;Sin.;8;Elota
25;Sinaloa;Sin.;9;Escuinapa
25;Sinaloa;Sin.;10;El Fuerte
25;Sinaloa;Sin.;11;Guasave
25;Sinaloa;Sin.;12;Mazatlan
25;Sinaloa;Sin.;13;Mocorito
25;Sinaloa;Sin.;14;Rosario
25;Sinaloa;Sin.;15;Salvador Alvarado
25;Sinaloa;Sin.;16;San Ignacio
25;Sinaloa;Sin.;17;Sinaloa
25;Sinaloa;Sin.;18;Navolato
26;Sonora;Son.;1;Aconchi
26;Sonora;Son.;2;Agua Prieta
26;Sonora;Son.;3;Alamos
26;Sonora;Son.;4;Altar
26;Sonora;Son.;5;Arivechi
26;Sonora;Son.;6;Arizpe
26;Sonora;Son.;7;Atil
26;Sonora;Son.;8;Bacadehuachi
26;Sonora;Son.;9;Bacanora
26;Sonora;Son.;10;Bacerac
26;Sonora;Son.;11;Bacoachi
26;Sonora;Son.;12;Bacum
26;Sonora;Son.;13;Banamichi
26;Sonora;Son.;14;Baviacora
26;Sonora;Son.;15;Bavispe
26;Sonora;Son.;16;Benjamin Hill
26;Sonora;Son.;17;Caborca
26;Sonora;Son.;18;Cajeme
26;Sonora;Son.;19;Cananea
26;Sonora;Son.;20;Carbo
26;Sonora;Son.;21;La Colorada
26;Sonora;Son.;22;Cucurpe
26;Sonora;Son.;23;Cumpas
26;Sonora;Son.;24;Divisaderos
26;Sonora;Son.;25;Empalme
26;Sonora;Son.;26;Etchojoa
26;Sonora;Son.;27;Fronteras
26;Sonora;Son.;28;Granados
26;Sonora;Son.;29;Guaymas
26;Sonora;Son.;30;Hermosillo
26;Sonora;Son.;31;Huachinera
26;Sonora;Son.;32;Huasabas
26;Sonora;Son.;33;Huatabampo
26;Sonora;Son.;34;Huepac
26;Sonora;Son.;35;Imuris
26;Sonora;Son.;36;Magdalena
26;Sonora;Son.;37;Mazatan
26;Sonora;Son.;38;Moctezuma
26;Sonora;Son.;39;Naco
26;Sonora;Son.;40;Nacori Chico
26;Sonora;Son.;41;Nacozari de Garcia
26;Sonora;Son.;42;Navojoa
26;Sonora;Son.;43;Nogales
26;Sonora;Son.;44;Onavas
26;Sonora;Son.;45;Opodepe
26;Sonora;Son.;46;Oquitoa
26;Sonora;Son.;47;Pitiquito
26;Sonora;Son.;48;Puerto Peñasco
26;Sonora;Son.;49;Quiriego
26;Sonora;Son.;50;Rayon
26;Sonora;Son.;51;Rosario
26;Sonora;Son.;52;Sahuaripa
26;Sonora;Son.;53;San Felipe de Jesus
26;Sonora;Son.;54;San Javier
26;Sonora;Son.;55;San Luis Rio Colorado
26;Sonora;Son.;56;San Miguel de Horcasitas
26;Sonora;Son.;57;San Pedro de la Cueva
26;Sonora;Son.;58;Santa Ana
26;Sonora;Son.;59;Santa Cruz
26;Sonora;Son.;60;Saric
26;Sonora;Son.;61;Soyopa
26;Sonora;Son.;62;Suaqui Grande
26;Sonora;Son.;63;Tepache
26;Sonora;Son.;64;Trincheras
26;Sonora;Son.;65;Tubutama
26;Sonora;Son.;66;Ures
26;Sonora;Son.;67;Villa Hidalgo
26;Sonora;Son.;68;Villa Pesqueira
26;Sonora;Son.;69;Yecora
26;Sonora;Son.;70;General Plutarco Elias Calles
26;Sonora;Son.;71;Benito Juarez
26;Sonora;Son.;72;San Ignacio Rio Muerto
27;Tabasco;Tab.;1;Balancan
27;Tabasco;Tab.;2;Cardenas
27;Tabasco;Tab.;3;Centla
27;Tabasco;Tab.;4;Centro
27;Tabasco;Tab.;5;Comalcalco
27;Tabasco;Tab.;6;Cunduacan
27;Tabasco;Tab.;7;Emiliano Zapata
27;Tabasco;Tab.;8;Huimanguillo
27;Tabasco;Tab.;9;Jalapa
27;Tabasco;Tab.;10;Jalpa de Mendez
27;Tabasco;Tab.;11;Jonuta
27;Tabasco;Tab.;12;Macuspana
27;Tabasco;Tab.;13;Nacajuca
27;Tabasco;Tab.;14;Paraiso
27;Tabasco;Tab.;15;Tacotalpa
27;Tabasco;Tab.;16;Teapa
27;Tabasco;Tab.;17;Tenosique
28;Tamaulipas;Tamps.;1;Abasolo
28;Tamaulipas;Tamps.;2;Aldama
28;Tamaulipas;Tamps.;3;Altamira
28;Tamaulipas;Tamps.;4;Antiguo Morelos
28;Tamaulipas;Tamps.;5;Burgos
28;Tamaulipas;Tamps.;6;Bustamante
28;Tamaulipas;Tamps.;7;Camargo
28;Tamaulipas;Tamps.;8;Casas
28;Tamaulipas;Tamps.;9;Ciudad Madero
28;Tamaulipas;Tamps.;10;Cruillas
28;Tamaulipas;Tamps.;11;Gomez Farias
28;Tamaulipas;Tamps.;12;Gonzalez
28;Tamaulipas;Tamps.;13;Guemez
28;Tamaulipas;Tamps.;14;Guerrero
28;Tamaulipas;Tamps.;15;Gustavo Diaz Ordaz
28;Tamaulipas;Tamps.;16;Hidalgo
28;Tamaulipas;Tamps.;17;Jaumave
28;Tamaulipas;Tamps.;18;Jimenez
28;Tamaulipas;Tamps.;19;Llera
28;Tamaulipas;Tamps.;20;Mainero
28;Tamaulipas;Tamps.;21;El Mante
28;Tamaulipas;Tamps.;22;Matamoros
28;Tamaulipas;Tamps.;23;Mendez
28;Tamaulipas;Tamps.;24;Mier
28;Tamaulipas;Tamps.;25;Miguel Aleman
28;Tamaulipas;Tamps.;26;Miquihuana
28;Tamaulipas;Tamps.;27;Nuevo Laredo
28;Tamaulipas;Tamps.;28;Nuevo Morelos
28;Tamaulipas;Tamps.;29;Ocampo
28;Tamaulipas;Tamps.;30;Padilla
28;Tamaulipas;Tamps.;31;Palmillas
28;Tamaulipas;Tamps.;32;Reynosa
28;Tamaulipas;Tamps.;33;Rio Bravo
28;Tamaulipas;Tamps.;34;San Carlos
28;Tamaulipas;Tamps.;35;San Fernando
28;Tamaulipas;Tamps.;36;San Nicolas
28;Tamaulipas;Tamps.;37;Soto la Marina
28;Tamaulipas;Tamps.;38;Tampico
28;Tamaulipas;Tamps.;39;Tula
28;Tamaulipas;Tamps.;40;Valle Hermoso
28;Tamaulipas;Tamps.;41;Victoria
28;Tamaulipas;Tamps.;42;Villagran
28;Tamaulipas;Tamps.;43;Xicotencatl
29;Tlaxcala;Tlax.;1;Amaxac de Guerrero
29;Tlaxcala;Tlax.;2;Apetatitlan de Antonio Carvajal
29;Tlaxcala;Tlax.;3;Atlangatepec
29;Tlaxcala;Tlax.;4;altzayanca
29;Tlaxcala;Tlax.;5;Apizaco
29;Tlaxcala;Tlax.;6;Calpulalpan
29;Tlaxcala;Tlax.;7;El Carmen Tequexquitla
29;Tlaxcala;Tlax.;8;Cuapiaxtla
29;Tlaxcala;Tlax.;9;Cuaxomulco
29;Tlaxcala;Tlax.;10;Chiautempan
29;Tlaxcala;Tlax.;11;Muñoz de Domingo Arenas
29;Tlaxcala;Tlax.;12;Españita
29;Tlaxcala;Tlax.;13;Huamantla
29;Tlaxcala;Tlax.;14;Hueyotlipan
29;Tlaxcala;Tlax.;15;Ixtacuixtla de Mariano Matamoros
29;Tlaxcala;Tlax.;16;Ixtenco
29;Tlaxcala;Tlax.;17;Mazatecochco de Jose Maria Morelos
29;Tlaxcala;Tlax.;18;Contla de Juan Cuamatzi
29;Tlaxcala;Tlax.;19;Tepetitla de Lardizabal
29;Tlaxcala;Tlax.;20;Sanctorum de Lazaro Cardenas
29;Tlaxcala;Tlax.;21;Nanacamilpa de Mariano Arista
29;Tlaxcala;Tlax.;22;Acuamanala de Miguel Hidalgo
29;Tlaxcala;Tlax.;23;Nativitas
29;Tlaxcala;Tlax.;24;Panotla
29;Tlaxcala;Tlax.;25;San Pablo del Monte
29;Tlaxcala;Tlax.;26;Santa Cruz Tlaxcala
29;Tlaxcala;Tlax.;27;Tenancingo
29;Tlaxcala;Tlax.;28;Teolocholco
29;Tlaxcala;Tlax.;29;Tepeyanco
29;Tlaxcala;Tlax.;30;Terrenate
29;Tlaxcala;Tlax.;31;Tetla de la Solidaridad
29;Tlaxcala;Tlax.;32;Tetlatlahuca
29;Tlaxcala;Tlax.;33;Tlaxcala
29;Tlaxcala;Tlax.;34;Tlaxco
29;Tlaxcala;Tlax.;35;Tocatlan
29;Tlaxcala;Tlax.;36;Totolac
29;Tlaxcala;Tlax.;37;zitlaltepec de trinidad sanchez santos
29;Tlaxcala;Tlax.;38;Tzompantepec
29;Tlaxcala;Tlax.;39;Xaloztoc
29;Tlaxcala;Tlax.;40;Xaltocan
29;Tlaxcala;Tlax.;41;Papalotla de Xicohtencatl
29;Tlaxcala;Tlax.;42;Xicohtzinco
29;Tlaxcala;Tlax.;43;yauhquemecan
29;Tlaxcala;Tlax.;44;Zacatelco
29;Tlaxcala;Tlax.;45;Benito Juarez
29;Tlaxcala;Tlax.;46;Emiliano Zapata
29;Tlaxcala;Tlax.;47;Lazaro Cardenas
29;Tlaxcala;Tlax.;48;La Magdalena Tlaltelulco
29;Tlaxcala;Tlax.;49;San Damian Texoloc
29;Tlaxcala;Tlax.;50;San Francisco Tetlanohcan
29;Tlaxcala;Tlax.;51;San Jeronimo Zacualpan
29;Tlaxcala;Tlax.;52;San Jose Teacalco
29;Tlaxcala;Tlax.;53;San Juan Huactzinco
29;Tlaxcala;Tlax.;54;San Lorenzo Axocomanitla
29;Tlaxcala;Tlax.;55;San Lucas Tecopilco
29;Tlaxcala;Tlax.;56;Santa Ana Nopalucan
29;Tlaxcala;Tlax.;57;Santa Apolonia Teacalco
29;Tlaxcala;Tlax.;58;Santa Catarina Ayometla
29;Tlaxcala;Tlax.;59;Santa Cruz Quilehtla
29;Tlaxcala;Tlax.;60;Santa Isabel Xiloxoxtla
30;Veracruz de Ignacio de la Llave;Ver.;1;Acajete
30;Veracruz de Ignacio de la Llave;Ver.;2;Acatlan
30;Veracruz de Ignacio de la Llave;Ver.;3;Acayucan
30;Veracruz de Ignacio de la Llave;Ver.;4;Actopan
30;Veracruz de Ignacio de la Llave;Ver.;5;Acula
30;Veracruz de Ignacio de la Llave;Ver.;6;Acultzingo
30;Veracruz de Ignacio de la Llave;Ver.;7;Camaron de Tejeda
30;Veracruz de Ignacio de la Llave;Ver.;8;Alpatlahuac
30;Veracruz de Ignacio de la Llave;Ver.;9;Alto Lucero de Gutierrez Barrios
30;Veracruz de Ignacio de la Llave;Ver.;10;Altotonga
30;Veracruz de Ignacio de la Llave;Ver.;11;Alvarado
30;Veracruz de Ignacio de la Llave;Ver.;12;Amatitlan
30;Veracruz de Ignacio de la Llave;Ver.;13;Naranjos Amatlan
30;Veracruz de Ignacio de la Llave;Ver.;14;Amatlan de los Reyes
30;Veracruz de Ignacio de la Llave;Ver.;15;Angel R. Cabada
30;Veracruz de Ignacio de la Llave;Ver.;16;La Antigua
30;Veracruz de Ignacio de la Llave;Ver.;17;Apazapan
30;Veracruz de Ignacio de la Llave;Ver.;18;Aquila
30;Veracruz de Ignacio de la Llave;Ver.;19;Astacinga
30;Veracruz de Ignacio de la Llave;Ver.;20;Atlahuilco
30;Veracruz de Ignacio de la Llave;Ver.;21;Atoyac
30;Veracruz de Ignacio de la Llave;Ver.;22;Atzacan
30;Veracruz de Ignacio de la Llave;Ver.;23;Atzalan
30;Veracruz de Ignacio de la Llave;Ver.;24;Tlaltetela
30;Veracruz de Ignacio de la Llave;Ver.;25;Ayahualulco
30;Veracruz de Ignacio de la Llave;Ver.;26;Banderilla
30;Veracruz de Ignacio de la Llave;Ver.;27;Benito Juarez
30;Veracruz de Ignacio de la Llave;Ver.;28;Boca del Rio
30;Veracruz de Ignacio de la Llave;Ver.;29;Calcahualco
30;Veracruz de Ignacio de la Llave;Ver.;30;Camerino Z. Mendoza
30;Veracruz de Ignacio de la Llave;Ver.;31;Carrillo Puerto
30;Veracruz de Ignacio de la Llave;Ver.;32;Catemaco
30;Veracruz de Ignacio de la Llave;Ver.;33;Cazones de Herrera
30;Veracruz de Ignacio de la Llave;Ver.;34;Cerro Azul
30;Veracruz de Ignacio de la Llave;Ver.;35;Citlaltepetl
30;Veracruz de Ignacio de la Llave;Ver.;36;Coacoatzintla
30;Veracruz de Ignacio de la Llave;Ver.;37;Coahuitlan
30;Veracruz de Ignacio de la Llave;Ver.;38;Coatepec
30;Veracruz de Ignacio de la Llave;Ver.;39;Coatzacoalcos
30;Veracruz de Ignacio de la Llave;Ver.;40;Coatzintla
30;Veracruz de Ignacio de la Llave;Ver.;41;Coetzala
30;Veracruz de Ignacio de la Llave;Ver.;42;Colipa
30;Veracruz de Ignacio de la Llave;Ver.;43;Comapa
30;Veracruz de Ignacio de la Llave;Ver.;44;Cordoba
30;Veracruz de Ignacio de la Llave;Ver.;45;Cosamaloapan
30;Veracruz de Ignacio de la Llave;Ver.;46;Cosautlan de Carvajal
30;Veracruz de Ignacio de la Llave;Ver.;47;Coscomatepec
30;Veracruz de Ignacio de la Llave;Ver.;48;Cosoleacaque
30;Veracruz de Ignacio de la Llave;Ver.;49;Cotaxtla
30;Veracruz de Ignacio de la Llave;Ver.;50;Coxquihui
30;Veracruz de Ignacio de la Llave;Ver.;51;Coyutla
30;Veracruz de Ignacio de la Llave;Ver.;52;Cuichapa
30;Veracruz de Ignacio de la Llave;Ver.;53;Cuitlahuac
30;Veracruz de Ignacio de la Llave;Ver.;54;Chacaltianguis
30;Veracruz de Ignacio de la Llave;Ver.;55;Chalma
30;Veracruz de Ignacio de la Llave;Ver.;56;Chiconamel
30;Veracruz de Ignacio de la Llave;Ver.;57;Chiconquiaco
30;Veracruz de Ignacio de la Llave;Ver.;58;Chicontepec
30;Veracruz de Ignacio de la Llave;Ver.;59;Chinameca
30;Veracruz de Ignacio de la Llave;Ver.;60;Chinampa de Gorostiza
30;Veracruz de Ignacio de la Llave;Ver.;61;Las Choapas
30;Veracruz de Ignacio de la Llave;Ver.;62;Chocaman
30;Veracruz de Ignacio de la Llave;Ver.;63;Chontla
30;Veracruz de Ignacio de la Llave;Ver.;64;Chumatlan
30;Veracruz de Ignacio de la Llave;Ver.;65;Emiliano Zapata
30;Veracruz de Ignacio de la Llave;Ver.;66;Espinal
30;Veracruz de Ignacio de la Llave;Ver.;67;Filomeno Mata
30;Veracruz de Ignacio de la Llave;Ver.;68;Fortin
30;Veracruz de Ignacio de la Llave;Ver.;69;Gutierrez Zamora
30;Veracruz de Ignacio de la Llave;Ver.;70;Hidalgotitlan
30;Veracruz de Ignacio de la Llave;Ver.;71;Huatusco
30;Veracruz de Ignacio de la Llave;Ver.;72;Huayacocotla
30;Veracruz de Ignacio de la Llave;Ver.;73;Hueyapan de Ocampo
30;Veracruz de Ignacio de la Llave;Ver.;74;Huiloapan de Cuauhtemoc
30;Veracruz de Ignacio de la Llave;Ver.;75;Ignacio de la Llave
30;Veracruz de Ignacio de la Llave;Ver.;76;Ilamatlan
30;Veracruz de Ignacio de la Llave;Ver.;77;Isla
30;Veracruz de Ignacio de la Llave;Ver.;78;Ixcatepec
30;Veracruz de Ignacio de la Llave;Ver.;79;Ixhuacan de los Reyes
30;Veracruz de Ignacio de la Llave;Ver.;80;Ixhuatlan del Cafe
30;Veracruz de Ignacio de la Llave;Ver.;81;Ixhuatlancillo
30;Veracruz de Ignacio de la Llave;Ver.;82;Ixhuatlan del Sureste
30;Veracruz de Ignacio de la Llave;Ver.;83;Ixhuatlan de Madero
30;Veracruz de Ignacio de la Llave;Ver.;84;Ixmatlahuacan
30;Veracruz de Ignacio de la Llave;Ver.;85;Ixtaczoquitlan
30;Veracruz de Ignacio de la Llave;Ver.;86;Jalacingo
30;Veracruz de Ignacio de la Llave;Ver.;87;Xalapa
30;Veracruz de Ignacio de la Llave;Ver.;88;Jalcomulco
30;Veracruz de Ignacio de la Llave;Ver.;89;Jaltipan
30;Veracruz de Ignacio de la Llave;Ver.;90;Jamapa
30;Veracruz de Ignacio de la Llave;Ver.;91;Jesus Carranza
30;Veracruz de Ignacio de la Llave;Ver.;92;Xico
30;Veracruz de Ignacio de la Llave;Ver.;93;Jilotepec
30;Veracruz de Ignacio de la Llave;Ver.;94;Juan Rodriguez Clara
30;Veracruz de Ignacio de la Llave;Ver.;95;Juchique de Ferrer
30;Veracruz de Ignacio de la Llave;Ver.;96;Landero y Coss
30;Veracruz de Ignacio de la Llave;Ver.;97;Lerdo de Tejada
30;Veracruz de Ignacio de la Llave;Ver.;98;Magdalena
30;Veracruz de Ignacio de la Llave;Ver.;99;Maltrata
30;Veracruz de Ignacio de la Llave;Ver.;100;Manlio Fabio Altamirano
30;Veracruz de Ignacio de la Llave;Ver.;101;Mariano Escobedo
30;Veracruz de Ignacio de la Llave;Ver.;102;Martinez de la Torre
30;Veracruz de Ignacio de la Llave;Ver.;103;Mecatlan
30;Veracruz de Ignacio de la Llave;Ver.;104;Mecayapan
30;Veracruz de Ignacio de la Llave;Ver.;105;Medellin
30;Veracruz de Ignacio de la Llave;Ver.;106;Miahuatlan
30;Veracruz de Ignacio de la Llave;Ver.;107;Las Minas
30;Veracruz de Ignacio de la Llave;Ver.;108;Minatitlan
30;Veracruz de Ignacio de la Llave;Ver.;109;Misantla
30;Veracruz de Ignacio de la Llave;Ver.;110;Mixtla de Altamirano
30;Veracruz de Ignacio de la Llave;Ver.;111;Moloacan
30;Veracruz de Ignacio de la Llave;Ver.;112;Naolinco
30;Veracruz de Ignacio de la Llave;Ver.;113;Naranjal
30;Veracruz de Ignacio de la Llave;Ver.;114;Nautla
30;Veracruz de Ignacio de la Llave;Ver.;115;Nogales
30;Veracruz de Ignacio de la Llave;Ver.;116;Oluta
30;Veracruz de Ignacio de la Llave;Ver.;117;Omealca
30;Veracruz de Ignacio de la Llave;Ver.;118;Orizaba
30;Veracruz de Ignacio de la Llave;Ver.;119;Otatitlan
30;Veracruz de Ignacio de la Llave;Ver.;120;Oteapan
30;Veracruz de Ignacio de la Llave;Ver.;121;Ozuluama
30;Veracruz de Ignacio de la Llave;Ver.;122;Pajapan
30;Veracruz de Ignacio de la Llave;Ver.;123;Panuco
30;Veracruz de Ignacio de la Llave;Ver.;124;Papantla
30;Veracruz de Ignacio de la Llave;Ver.;125;Paso del Macho
30;Veracruz de Ignacio de la Llave;Ver.;126;Paso de Ovejas
30;Veracruz de Ignacio de la Llave;Ver.;127;La Perla
30;Veracruz de Ignacio de la Llave;Ver.;128;Perote
30;Veracruz de Ignacio de la Llave;Ver.;129;Platon Sanchez
30;Veracruz de Ignacio de la Llave;Ver.;130;Playa Vicente
30;Veracruz de Ignacio de la Llave;Ver.;131;Poza Rica de Hidalgo
30;Veracruz de Ignacio de la Llave;Ver.;132;Las Vigas de Ramirez
30;Veracruz de Ignacio de la Llave;Ver.;133;Pueblo Viejo
30;Veracruz de Ignacio de la Llave;Ver.;134;Puente Nacional
30;Veracruz de Ignacio de la Llave;Ver.;135;Rafael Delgado
30;Veracruz de Ignacio de la Llave;Ver.;136;Rafael Lucio
30;Veracruz de Ignacio de la Llave;Ver.;137;Los Reyes
30;Veracruz de Ignacio de la Llave;Ver.;138;Rio Blanco
30;Veracruz de Ignacio de la Llave;Ver.;139;Saltabarranca
30;Veracruz de Ignacio de la Llave;Ver.;140;San Andres Tenejapan
30;Veracruz de Ignacio de la Llave;Ver.;141;San Andres Tuxtla
30;Veracruz de Ignacio de la Llave;Ver.;142;San Juan Evangelista
30;Veracruz de Ignacio de la Llave;Ver.;143;Santiago Tuxtla
30;Veracruz de Ignacio de la Llave;Ver.;144;Sayula de Aleman
30;Veracruz de Ignacio de la Llave;Ver.;145;Soconusco
30;Veracruz de Ignacio de la Llave;Ver.;146;Sochiapa
30;Veracruz de Ignacio de la Llave;Ver.;147;Soledad Atzompa
30;Veracruz de Ignacio de la Llave;Ver.;148;Soledad de Doblado
30;Veracruz de Ignacio de la Llave;Ver.;149;Soteapan
30;Veracruz de Ignacio de la Llave;Ver.;150;Tamalin
30;Veracruz de Ignacio de la Llave;Ver.;151;Tamiahua
30;Veracruz de Ignacio de la Llave;Ver.;152;Tampico Alto
30;Veracruz de Ignacio de la Llave;Ver.;153;Tancoco
30;Veracruz de Ignacio de la Llave;Ver.;154;Tantima
30;Veracruz de Ignacio de la Llave;Ver.;155;Tantoyuca
30;Veracruz de Ignacio de la Llave;Ver.;156;Tatatila
30;Veracruz de Ignacio de la Llave;Ver.;157;Castillo de Teayo
30;Veracruz de Ignacio de la Llave;Ver.;158;Tecolutla
30;Veracruz de Ignacio de la Llave;Ver.;159;Tehuipango
30;Veracruz de Ignacio de la Llave;Ver.;160;Temapache
30;Veracruz de Ignacio de la Llave;Ver.;161;Tempoal
30;Veracruz de Ignacio de la Llave;Ver.;162;Tenampa
30;Veracruz de Ignacio de la Llave;Ver.;163;Tenochtitlan
30;Veracruz de Ignacio de la Llave;Ver.;164;Teocelo
30;Veracruz de Ignacio de la Llave;Ver.;165;Tepatlaxco
30;Veracruz de Ignacio de la Llave;Ver.;166;Tepetlan
30;Veracruz de Ignacio de la Llave;Ver.;167;Tepetzintla
30;Veracruz de Ignacio de la Llave;Ver.;168;Tequila
30;Veracruz de Ignacio de la Llave;Ver.;169;Jose Azueta
30;Veracruz de Ignacio de la Llave;Ver.;170;Texcatepec
30;Veracruz de Ignacio de la Llave;Ver.;171;Texhuacan
30;Veracruz de Ignacio de la Llave;Ver.;172;Texistepec
30;Veracruz de Ignacio de la Llave;Ver.;173;Tezonapa
30;Veracruz de Ignacio de la Llave;Ver.;174;Tierra Blanca
30;Veracruz de Ignacio de la Llave;Ver.;175;Tihuatlan
30;Veracruz de Ignacio de la Llave;Ver.;176;Tlacojalpan
30;Veracruz de Ignacio de la Llave;Ver.;177;Tlacolulan
30;Veracruz de Ignacio de la Llave;Ver.;178;Tlacotalpan
30;Veracruz de Ignacio de la Llave;Ver.;179;Tlacotepec de Mejia
30;Veracruz de Ignacio de la Llave;Ver.;180;Tlachichilco
30;Veracruz de Ignacio de la Llave;Ver.;181;Tlalixcoyan
30;Veracruz de Ignacio de la Llave;Ver.;182;Tlalnelhuayocan
30;Veracruz de Ignacio de la Llave;Ver.;183;Tlapacoyan
30;Veracruz de Ignacio de la Llave;Ver.;184;Tlaquilpa
30;Veracruz de Ignacio de la Llave;Ver.;185;Tlilapan
30;Veracruz de Ignacio de la Llave;Ver.;186;Tomatlan
30;Veracruz de Ignacio de la Llave;Ver.;187;Tonayan
30;Veracruz de Ignacio de la Llave;Ver.;188;Totutla
30;Veracruz de Ignacio de la Llave;Ver.;189;Tuxpan
30;Veracruz de Ignacio de la Llave;Ver.;190;Tuxtilla
30;Veracruz de Ignacio de la Llave;Ver.;191;Ursulo Galvan
30;Veracruz de Ignacio de la Llave;Ver.;192;Vega de Alatorre
30;Veracruz de Ignacio de la Llave;Ver.;193;Veracruz
30;Veracruz de Ignacio de la Llave;Ver.;194;Villa Aldama
30;Veracruz de Ignacio de la Llave;Ver.;195;Xoxocotla
30;Veracruz de Ignacio de la Llave;Ver.;196;Yanga
30;Veracruz de Ignacio de la Llave;Ver.;197;Yecuatla
30;Veracruz de Ignacio de la Llave;Ver.;198;Zacualpan
30;Veracruz de Ignacio de la Llave;Ver.;199;Zaragoza
30;Veracruz de Ignacio de la Llave;Ver.;200;Zentla
30;Veracruz de Ignacio de la Llave;Ver.;201;Zongolica
30;Veracruz de Ignacio de la Llave;Ver.;202;Zontecomatlan
30;Veracruz de Ignacio de la Llave;Ver.;203;Zozocolco de Hidalgo
30;Veracruz de Ignacio de la Llave;Ver.;204;Agua Dulce
30;Veracruz de Ignacio de la Llave;Ver.;205;El Higo
30;Veracruz de Ignacio de la Llave;Ver.;206;Nanchital de Lazaro Cardenas del Rio
30;Veracruz de Ignacio de la Llave;Ver.;207;Tres Valles
30;Veracruz de Ignacio de la Llave;Ver.;208;Carlos A. Carrillo
30;Veracruz de Ignacio de la Llave;Ver.;209;Tatahuicapan de Juarez
30;Veracruz de Ignacio de la Llave;Ver.;210;Uxpanapa
30;Veracruz de Ignacio de la Llave;Ver.;211;San Rafael
30;Veracruz de Ignacio de la Llave;Ver.;212;Santiago Sochiapan
31;Yucatan;Yuc.;1;Abala
31;Yucatan;Yuc.;2;Acanceh
31;Yucatan;Yuc.;3;Akil
31;Yucatan;Yuc.;4;Baca
31;Yucatan;Yuc.;5;Bokoba
31;Yucatan;Yuc.;6;Buctzotz
31;Yucatan;Yuc.;7;Cacalchen
31;Yucatan;Yuc.;8;Calotmul
31;Yucatan;Yuc.;9;Cansahcab
31;Yucatan;Yuc.;10;Cantamayec
31;Yucatan;Yuc.;11;Celestun
31;Yucatan;Yuc.;12;Cenotillo
31;Yucatan;Yuc.;13;Conkal
31;Yucatan;Yuc.;14;Cuncunul
31;Yucatan;Yuc.;15;Cuzama
31;Yucatan;Yuc.;16;Chacsinkin
31;Yucatan;Yuc.;17;Chankom
31;Yucatan;Yuc.;18;Chapab
31;Yucatan;Yuc.;19;Chemax
31;Yucatan;Yuc.;20;Chicxulub Pueblo
31;Yucatan;Yuc.;21;Chichimila
31;Yucatan;Yuc.;22;Chikindzonot
31;Yucatan;Yuc.;23;Chochola
31;Yucatan;Yuc.;24;Chumayel
31;Yucatan;Yuc.;25;Dzan
31;Yucatan;Yuc.;26;Dzemul
31;Yucatan;Yuc.;27;Dzidzantun
31;Yucatan;Yuc.;28;Dzilam de Bravo
31;Yucatan;Yuc.;29;Dzilam Gonzalez
31;Yucatan;Yuc.;30;Dzitas
31;Yucatan;Yuc.;31;Dzoncauich
31;Yucatan;Yuc.;32;Espita
31;Yucatan;Yuc.;33;Halacho
31;Yucatan;Yuc.;34;Hocaba
31;Yucatan;Yuc.;35;Hoctun
31;Yucatan;Yuc.;36;Homun
31;Yucatan;Yuc.;37;Huhi
31;Yucatan;Yuc.;38;Hunucma
31;Yucatan;Yuc.;39;Ixil
31;Yucatan;Yuc.;40;Izamal
31;Yucatan;Yuc.;41;Kanasin
31;Yucatan;Yuc.;42;Kantunil
31;Yucatan;Yuc.;43;Kaua
31;Yucatan;Yuc.;44;Kinchil
31;Yucatan;Yuc.;45;Kopoma
31;Yucatan;Yuc.;46;Mama
31;Yucatan;Yuc.;47;Mani
31;Yucatan;Yuc.;48;Maxcanu
31;Yucatan;Yuc.;49;Mayapan
31;Yucatan;Yuc.;50;Merida
31;Yucatan;Yuc.;51;Mococha
31;Yucatan;Yuc.;52;Motul
31;Yucatan;Yuc.;53;Muna
31;Yucatan;Yuc.;54;Muxupip
31;Yucatan;Yuc.;55;Opichen
31;Yucatan;Yuc.;56;Oxkutzcab
31;Yucatan;Yuc.;57;Panaba
31;Yucatan;Yuc.;58;Peto
31;Yucatan;Yuc.;59;Progreso
31;Yucatan;Yuc.;60;Quintana Roo
31;Yucatan;Yuc.;61;Rio Lagartos
31;Yucatan;Yuc.;62;Sacalum
31;Yucatan;Yuc.;63;Samahil
31;Yucatan;Yuc.;64;Sanahcat
31;Yucatan;Yuc.;65;San Felipe
31;Yucatan;Yuc.;66;Santa Elena
31;Yucatan;Yuc.;67;Seye
31;Yucatan;Yuc.;68;Sinanche
31;Yucatan;Yuc.;69;Sotuta
31;Yucatan;Yuc.;70;Sucila
31;Yucatan;Yuc.;71;Sudzal
31;Yucatan;Yuc.;72;Suma
31;Yucatan;Yuc.;73;Tahdziu
31;Yucatan;Yuc.;74;Tahmek
31;Yucatan;Yuc.;75;Teabo
31;Yucatan;Yuc.;76;Tecoh
31;Yucatan;Yuc.;77;Tekal de Venegas
31;Yucatan;Yuc.;78;Tekanto
31;Yucatan;Yuc.;79;Tekax
31;Yucatan;Yuc.;80;Tekit
31;Yucatan;Yuc.;81;Tekom
31;Yucatan;Yuc.;82;Telchac Pueblo
31;Yucatan;Yuc.;83;Telchac Puerto
31;Yucatan;Yuc.;84;Temax
31;Yucatan;Yuc.;85;Temozon
31;Yucatan;Yuc.;86;Tepakan
31;Yucatan;Yuc.;87;Tetiz
31;Yucatan;Yuc.;88;Teya
31;Yucatan;Yuc.;89;Ticul
31;Yucatan;Yuc.;90;Timucuy
31;Yucatan;Yuc.;91;Tinum
31;Yucatan;Yuc.;92;Tixcacalcupul
31;Yucatan;Yuc.;93;Tixkokob
31;Yucatan;Yuc.;94;Tixmehuac
31;Yucatan;Yuc.;95;Tixpehual
31;Yucatan;Yuc.;96;Tizimin
31;Yucatan;Yuc.;97;Tunkas
31;Yucatan;Yuc.;98;Tzucacab
31;Yucatan;Yuc.;99;Uayma
31;Yucatan;Yuc.;100;Ucu
31;Yucatan;Yuc.;101;Uman
31;Yucatan;Yuc.;102;Valladolid
31;Yucatan;Yuc.;103;Xocchel
31;Yucatan;Yuc.;104;Yaxcaba
31;Yucatan;Yuc.;105;Yaxkukul
31;Yucatan;Yuc.;106;Yobain
32;Zacatecas;Zac.;1;Apozol
32;Zacatecas;Zac.;2;Apulco
32;Zacatecas;Zac.;3;Atolinga
32;Zacatecas;Zac.;4;Benito Juarez
32;Zacatecas;Zac.;5;Calera
32;Zacatecas;Zac.;6;Cañitas de Felipe Pescador
32;Zacatecas;Zac.;7;Concepcion del Oro
32;Zacatecas;Zac.;8;Cuauhtemoc
32;Zacatecas;Zac.;9;Chalchihuites
32;Zacatecas;Zac.;10;Fresnillo
32;Zacatecas;Zac.;11;Trinidad Garcia de la Cadena
32;Zacatecas;Zac.;12;Genaro Codina
32;Zacatecas;Zac.;13;General Enrique Estrada
32;Zacatecas;Zac.;14;General Francisco R. Murguia
32;Zacatecas;Zac.;15;El Plateado de Joaquin Amaro
32;Zacatecas;Zac.;16;General Panfilo Natera
32;Zacatecas;Zac.;17;Guadalupe
32;Zacatecas;Zac.;18;Huanusco
32;Zacatecas;Zac.;19;Jalpa
32;Zacatecas;Zac.;20;Jerez
32;Zacatecas;Zac.;21;Jimenez del Teul
32;Zacatecas;Zac.;22;Juan Aldama
32;Zacatecas;Zac.;23;Juchipila
32;Zacatecas;Zac.;24;Loreto
32;Zacatecas;Zac.;25;Luis Moya
32;Zacatecas;Zac.;26;Mazapil
32;Zacatecas;Zac.;27;Melchor Ocampo
32;Zacatecas;Zac.;28;Mezquital del Oro
32;Zacatecas;Zac.;29;Miguel Auza
32;Zacatecas;Zac.;30;Momax
32;Zacatecas;Zac.;31;Monte Escobedo
32;Zacatecas;Zac.;32;Morelos
32;Zacatecas;Zac.;33;Moyahua de Estrada
32;Zacatecas;Zac.;34;Nochistlan de Mejia
32;Zacatecas;Zac.;35;Noria de angeles
32;Zacatecas;Zac.;36;Ojocaliente
32;Zacatecas;Zac.;37;Panuco
32;Zacatecas;Zac.;38;Pinos
32;Zacatecas;Zac.;39;Rio Grande
32;Zacatecas;Zac.;40;Sain Alto
32;Zacatecas;Zac.;41;El Salvador
32;Zacatecas;Zac.;42;Sombrerete
32;Zacatecas;Zac.;43;Susticacan
32;Zacatecas;Zac.;44;Tabasco
32;Zacatecas;Zac.;45;Tepechitlan
32;Zacatecas;Zac.;46;Tepetongo
32;Zacatecas;Zac.;47;Teul de Gonzalez Ortega
32;Zacatecas;Zac.;48;Tlaltenango de Sanchez Roman
32;Zacatecas;Zac.;49;Valparaiso
32;Zacatecas;Zac.;50;Vetagrande
32;Zacatecas;Zac.;51;Villa de Cos
32;Zacatecas;Zac.;52;Villa Garcia
32;Zacatecas;Zac.;53;Villa Gonzalez Ortega
32;Zacatecas;Zac.;54;Villa Hidalgo
32;Zacatecas;Zac.;55;Villanueva
32;Zacatecas;Zac.;56;Zacatecas
32;Zacatecas;Zac.;57;Trancoso
32;Zacatecas;Zac.;58;Santa Maria de la Paz
